message_length,url_count,attachment_count,keyword_indicators,domain_age_days,suspicious_tld,spf_dkim_passed,uppercase_ratio,has_external_links,is_threat
1113.0,2,0,0,835.0,0,1,0.0252,1,0
547.0,6,1,5,18.0,1,0,0.3532,1,1
347.0,5,2,2,281.0,1,1,0.1828,1,1
1087.0,1,0,0,182.0,0,1,0.0684,1,0
788.0,1,1,0,196.0,0,1,0.0349,1,0
959.0,0,0,1,623.0,0,0,0.069,0,0
619.0,1,0,0,351.0,0,1,0.0672,1,0
588.0,3,1,3,107.0,1,0,0.0324,1,1
727.0,2,2,1,432.0,0,1,0.1063,1,0
643.0,4,1,4,202.0,0,0,0.1321,1,1
738.0,1,0,0,1148.0,0,1,0.0536,1,0
241.0,5,2,7,26.0,1,0,0.1568,1,1
391.0,2,1,4,7.0,0,0,0.3126,1,1
700.0,0,0,1,1250.0,0,0,0.0431,0,0
710.0,0,0,0,3130.0,0,1,0.1103,0,0
715.0,1,0,1,7300.0,0,1,0.1243,1,0
778.0,0,0,1,1556.0,0,1,0.1421,0,0
967.0,0,1,0,1109.0,0,1,0.0831,0,0
1106.0,4,0,0,1887.0,0,1,0.0471,1,0
572.0,1,0,0,1288.0,0,1,0.0207,1,0
378.0,0,1,0,414.0,0,1,0.01,0,0
435.0,0,1,0,1197.0,0,1,0.1946,0,0
629.0,1,1,0,7052.0,0,1,0.1029,1,0
676.0,0,0,2,1931.0,0,1,0.0657,0,0
530.0,1,0,0,689.0,0,1,0.0454,1,0
633.0,4,0,7,155.0,1,0,0.1488,1,1
640.0,1,0,1,975.0,0,1,0.0725,1,0
863.0,1,0,0,980.0,0,0,0.01,1,0
1008.0,1,1,0,1815.0,0,1,0.1257,1,0
604.0,2,2,0,1604.0,0,1,0.0395,1,0
655.0,2,1,1,707.0,0,1,0.0358,1,0
475.0,2,1,1,1222.0,0,1,0.01,1,0
788.0,0,0,0,817.0,1,1,0.0201,0,0
629.0,5,1,1,233.0,0,0,0.4686,1,1
275.0,3,0,2,295.0,1,1,0.2187,1,1
230.0,4,3,6,30.0,1,0,0.2073,1,1
674.0,0,0,0,406.0,0,1,0.0569,0,0
905.0,2,0,0,747.0,0,1,0.0531,1,0
431.0,5,0,6,386.0,0,1,0.199,1,1
1742.0,2,0,0,7300.0,0,1,0.1005,1,0
922.0,1,1,0,1694.0,0,1,0.0652,1,0
448.0,0,0,0,2795.0,0,1,0.0427,0,0
766.0,0,1,1,1548.0,0,1,0.0515,0,0
695.0,5,0,4,191.0,1,1,0.1649,1,1
771.0,0,0,1,441.0,0,1,0.0815,0,0
668.0,3,3,3,163.0,0,0,0.1432,1,1
1120.0,3,1,0,2963.0,0,1,0.0353,1,0
607.0,0,0,0,1872.0,0,1,0.0425,0,0
759.0,0,2,0,4180.0,0,1,0.0126,0,0
577.0,0,1,0,1742.0,0,1,0.0574,0,0
207.0,2,0,4,223.0,0,0,0.2533,1,1
613.0,4,3,7,84.0,0,0,0.2826,1,1
722.0,6,3,3,359.0,1,0,0.2483,1,1
637.0,0,2,5,124.0,1,0,0.2104,0,1
968.0,0,1,0,3524.0,0,1,0.0226,0,0
363.0,4,2,5,43.0,0,0,0.5227,1,1
937.0,0,0,0,1867.0,1,1,0.0276,0,0
125.0,0,0,1,996.0,0,1,0.2228,0,0
702.0,2,1,0,3039.0,0,1,0.0259,1,0
1095.0,0,0,0,492.0,0,1,0.029,0,0
782.0,1,1,0,1711.0,0,1,0.1454,1,0
308.0,0,1,1,1642.0,0,1,0.0197,0,0
371.0,3,0,3,36.0,1,1,0.2758,1,1
1396.0,0,0,0,2288.0,0,1,0.0686,0,0
1236.0,2,1,0,142.0,0,1,0.013,1,0
778.0,0,0,0,3405.0,0,1,0.057,0,0
1133.0,0,0,0,859.0,0,1,0.1483,0,0
504.0,3,3,5,75.0,1,0,0.3702,1,1
203.0,2,0,0,745.0,0,1,0.0635,1,0
181.0,5,1,0,75.0,0,1,0.2738,1,1
382.0,3,1,5,17.0,0,1,0.1037,1,1
704.0,1,0,0,2963.0,0,1,0.0447,1,0
714.0,3,0,0,2278.0,0,1,0.0759,1,0
498.0,3,1,4,24.0,0,0,0.4157,1,1
632.0,0,3,4,45.0,1,1,0.1808,0,1
382.0,5,3,2,195.0,0,0,0.0741,1,1
510.0,5,3,3,233.0,0,0,0.1952,1,1
744.0,2,1,2,371.0,0,1,0.0242,1,0
903.0,1,1,1,221.0,0,1,0.1668,1,0
269.0,2,1,0,865.0,0,1,0.0764,1,0
448.0,4,2,3,62.0,1,0,0.2305,1,1
391.0,1,1,1,1207.0,0,1,0.064,1,0
875.0,0,1,1,3629.0,0,1,0.1451,0,0
658.0,1,0,2,1253.0,1,1,0.1414,1,0
593.0,0,2,0,1269.0,0,1,0.1345,0,0
506.0,1,1,0,616.0,0,1,0.0455,1,0
222.0,4,2,5,5.0,0,0,0.2361,1,1
611.0,0,1,0,542.0,0,1,0.2416,0,0
1091.0,5,2,3,58.0,1,0,0.2058,1,1
1091.0,1,0,1,1702.0,1,1,0.0448,1,0
413.0,0,1,1,537.0,1,1,0.1088,0,0
641.0,7,0,5,506.0,0,0,0.2391,1,1
50.0,4,1,5,138.0,1,1,0.1025,1,1
620.0,1,0,0,2662.0,0,1,0.0218,1,0
952.0,6,1,5,112.0,1,0,0.2923,1,1
719.0,0,0,1,659.0,0,0,0.0979,0,0
1212.0,1,1,0,2449.0,0,1,0.0273,1,0
867.0,2,1,0,1388.0,0,1,0.123,1,0
614.0,0,0,1,3587.0,1,1,0.1554,0,0
969.0,0,0,1,516.0,0,1,0.09,0,0
414.0,1,0,0,2742.0,0,1,0.1402,1,0
1038.0,1,1,1,408.0,0,1,0.0197,1,0
943.0,2,1,0,1672.0,0,1,0.2491,1,0
692.0,1,0,2,690.0,0,1,0.0884,1,0
425.0,9,2,5,182.0,1,0,0.3094,1,1
489.0,2,0,0,1816.0,0,1,0.01,1,0
987.0,1,0,2,1362.0,0,1,0.0221,1,0
386.0,1,2,6,583.0,1,1,0.3156,1,1
576.0,0,0,1,1705.0,0,1,0.0644,0,0
960.0,1,0,1,928.0,0,1,0.0394,1,0
69.0,0,1,0,2086.0,0,1,0.0586,0,0
595.0,1,2,0,342.0,0,1,0.0274,1,0
442.0,5,1,6,35.0,1,0,0.4835,1,1
721.0,3,3,4,100.0,0,0,0.198,1,1
472.0,0,1,0,1289.0,0,1,0.0244,0,0
494.0,5,2,9,146.0,1,1,0.5595,1,1
679.0,0,3,5,124.0,0,0,0.1243,0,1
734.0,0,1,0,719.0,0,1,0.1378,0,0
932.0,6,3,6,297.0,1,0,0.3437,1,1
57.0,0,0,0,5639.0,0,1,0.1693,0,0
366.0,1,1,6,215.0,0,1,0.0508,1,1
452.0,3,2,3,128.0,0,1,0.3602,1,1
50.0,1,1,0,504.0,0,1,0.0234,1,0
625.0,0,1,0,4447.0,0,0,0.0245,0,0
615.0,1,1,1,2581.0,0,1,0.0236,1,0
1285.0,0,0,0,161.0,0,0,0.0383,0,0
665.0,7,2,4,129.0,1,0,0.244,1,1
646.0,8,2,4,63.0,1,0,0.1858,1,1
849.0,0,0,0,213.0,0,1,0.0916,0,0
54.0,0,0,1,182.0,0,1,0.0999,0,0
1068.0,0,1,0,1210.0,0,1,0.0476,0,0
875.0,0,0,1,93.0,0,1,0.0362,0,0
977.0,2,0,1,176.0,0,1,0.071,1,0
2174.0,0,0,0,414.0,0,0,0.0723,0,0
505.0,2,1,5,22.0,1,0,0.1195,1,1
1403.0,2,0,0,2706.0,0,1,0.0733,1,0
699.0,1,0,0,1167.0,0,1,0.0435,1,0
164.0,5,3,6,626.0,1,0,0.3706,1,1
784.0,0,0,0,2175.0,0,0,0.1437,0,0
300.0,6,1,6,58.0,1,0,0.3713,1,1
399.0,3,2,4,165.0,1,1,0.1693,1,1
915.0,1,0,3,2505.0,1,1,0.0731,1,0
268.0,0,0,0,197.0,0,1,0.0621,0,0
1062.0,1,0,1,1288.0,0,1,0.101,1,0
654.0,0,0,0,3651.0,0,1,0.0442,0,0
404.0,2,0,0,314.0,0,1,0.162,1,0
642.0,1,2,0,2297.0,0,1,0.2575,1,0
1240.0,3,1,0,175.0,0,1,0.0175,1,0
612.0,0,0,0,7300.0,0,1,0.076,0,0
925.0,0,0,0,2152.0,0,1,0.08,0,0
83.0,4,2,3,264.0,1,0,0.3185,1,1
1065.0,2,0,0,2075.0,0,1,0.0427,1,0
1039.0,0,1,0,589.0,0,1,0.092,0,0
1447.0,0,0,0,4785.0,0,1,0.0413,0,0
197.0,4,2,4,31.0,0,0,0.1207,1,1
1034.0,0,2,1,1634.0,0,1,0.0315,0,0
588.0,5,0,6,424.0,1,0,0.0996,1,1
429.0,4,1,6,288.0,1,0,0.3394,1,1
548.0,0,0,0,1449.0,0,1,0.0228,0,0
299.0,2,1,4,171.0,0,0,0.1383,1,1
731.0,1,1,0,3553.0,0,1,0.0966,1,0
777.0,0,0,0,142.0,0,1,0.01,0,0
832.0,2,0,1,1449.0,0,1,0.0891,1,0
888.0,0,1,1,3350.0,0,1,0.1323,0,0
759.0,0,0,0,140.0,0,0,0.1017,0,0
810.0,1,0,6,60.0,1,1,0.0741,1,1
1352.0,1,0,2,185.0,0,1,0.0367,1,0
1144.0,0,1,0,1716.0,0,0,0.2088,0,0
1104.0,1,0,2,775.0,0,1,0.0664,1,0
658.0,2,1,4,5871.0,0,1,0.1088,1,0
154.0,5,0,4,6.0,0,0,0.3092,1,1
1134.0,0,0,1,1575.0,0,1,0.0759,0,0
1106.0,2,0,1,4575.0,0,1,0.0762,1,0
1315.0,0,2,1,545.0,0,1,0.0282,0,0
588.0,1,0,0,1576.0,0,0,0.0518,1,0
719.0,1,0,0,1498.0,0,1,0.0111,1,0
591.0,2,1,2,198.0,1,0,0.2007,1,1
662.0,1,2,0,4930.0,0,1,0.1898,1,0
62.0,3,3,6,65.0,1,1,0.2825,1,1
636.0,2,0,0,4032.0,0,1,0.0781,1,0
1024.0,1,0,0,7300.0,0,1,0.1167,1,0
733.0,2,0,0,1265.0,0,0,0.0739,1,0
652.0,3,3,2,92.0,0,0,0.0406,1,1
282.0,1,3,4,53.0,0,0,0.403,1,1
829.0,0,0,0,6889.0,0,1,0.0295,0,0
378.0,6,2,5,143.0,1,0,0.3813,1,1
50.0,2,1,4,99.0,1,1,0.2176,1,1
229.0,1,1,1,583.0,0,1,0.1022,1,0
1222.0,0,1,1,336.0,0,1,0.1051,0,0
1072.0,0,1,0,1123.0,0,1,0.1455,0,0
963.0,0,0,0,235.0,1,1,0.1035,0,0
343.0,2,1,5,149.0,1,0,0.2406,1,1
148.0,6,0,4,132.0,0,0,0.2091,1,1
1411.0,4,0,1,1290.0,0,1,0.0155,1,0
1126.0,2,0,0,648.0,0,1,0.1237,1,0
717.0,0,0,0,1236.0,0,1,0.033,0,0
326.0,3,3,8,137.0,0,1,0.4531,1,1
507.0,2,2,1,583.0,1,0,0.3423,1,1
396.0,4,1,9,50.0,1,0,0.266,1,1
200.0,2,0,6,140.0,1,0,0.2815,1,1
614.0,2,0,0,757.0,0,1,0.0512,1,0
430.0,1,0,1,3824.0,0,1,0.0843,1,0
1228.0,1,0,1,2886.0,0,1,0.012,1,0
658.0,4,0,8,471.0,1,1,0.2904,1,1
923.0,0,0,1,1199.0,0,1,0.0423,0,0
600.0,1,0,0,764.0,0,0,0.024,1,0
162.0,0,1,0,6457.0,0,1,0.1472,0,0
334.0,3,2,8,113.0,1,0,0.2315,1,1
130.0,0,0,1,106.0,0,1,0.0624,0,0
775.0,0,1,0,3177.0,0,1,0.1329,0,0
321.0,0,1,0,423.0,0,1,0.0631,0,0
50.0,4,2,5,277.0,0,1,0.3263,1,1
77.0,4,2,4,54.0,1,0,0.0654,1,1
837.0,0,1,0,301.0,0,1,0.0137,0,0
708.0,2,2,8,60.0,1,1,0.2728,1,1
658.0,1,0,1,216.0,0,1,0.0323,1,0
990.0,2,0,1,4040.0,0,0,0.0459,1,0
544.0,4,2,1,31.0,1,0,0.3088,1,1
892.0,0,1,1,805.0,0,1,0.0214,0,0
50.0,2,0,5,344.0,0,0,0.4537,1,1
285.0,4,1,2,348.0,1,1,0.0798,1,1
901.0,0,1,0,2624.0,0,1,0.1665,0,0
220.0,1,0,0,996.0,0,1,0.129,1,0
463.0,0,0,0,4213.0,0,1,0.0839,0,0
757.0,2,0,0,5208.0,0,1,0.0178,1,0
832.0,2,0,0,482.0,0,1,0.0548,1,0
568.0,2,2,4,52.0,0,0,0.2969,1,1
1644.0,1,0,0,2334.0,1,1,0.0252,1,0
503.0,5,1,7,583.0,1,0,0.2302,1,1
1010.0,1,0,0,1085.0,0,0,0.0529,1,0
690.0,0,2,4,57.0,0,0,0.2714,0,1
725.0,0,1,0,573.0,0,1,0.0677,0,0
466.0,0,0,0,2593.0,0,1,0.1453,0,0
827.0,2,1,0,1658.0,0,1,0.0894,1,0
890.0,2,2,1,1270.0,0,1,0.0848,1,0
740.0,5,1,2,110.0,1,0,0.4056,1,1
916.0,1,1,0,1536.0,0,1,0.0285,1,0
745.0,1,0,0,2699.0,0,1,0.0228,1,0
132.0,2,0,2,3609.0,1,1,0.078,1,0
498.0,0,0,1,2992.0,0,1,0.01,0,0
576.0,3,1,4,26.0,1,0,0.1575,1,1
658.0,5,1,4,618.0,0,0,0.3341,1,1
714.0,2,0,0,371.0,0,1,0.2132,1,1
332.0,0,1,0,793.0,0,1,0.0122,0,0
970.0,0,0,0,168.0,0,1,0.1057,0,0
588.0,3,1,2,261.0,1,0,0.3922,1,1
1178.0,2,0,0,1734.0,0,1,0.1503,1,0
793.0,9,2,4,209.0,1,0,0.1383,1,1
821.0,4,2,2,444.0,1,0,0.1172,1,1
674.0,3,1,3,27.0,1,0,0.2313,1,1
349.0,1,0,0,5532.0,0,1,0.1593,1,0
311.0,0,0,0,1311.0,0,1,0.1338,0,0
511.0,6,1,2,242.0,0,1,0.5743,1,1
1163.0,0,0,0,2939.0,0,1,0.0537,0,0
268.0,0,2,0,982.0,0,1,0.1085,0,0
50.0,0,1,1,483.0,0,1,0.0386,0,0
50.0,1,2,7,286.0,1,1,0.1235,1,1
554.0,1,0,5,449.0,1,0,0.1419,1,1
1220.0,2,0,0,174.0,0,1,0.0645,1,0
637.0,0,0,1,3627.0,0,1,0.0167,0,0
656.0,0,0,0,1126.0,0,1,0.0581,0,0
657.0,3,2,4,94.0,0,1,0.1337,1,1
145.0,0,0,0,161.0,0,1,0.0608,0,0
664.0,1,0,1,504.0,0,1,0.0219,1,0
405.0,3,1,5,201.0,0,0,0.3467,1,1
470.0,6,0,4,122.0,1,0,0.5618,1,1
484.0,6,3,2,68.0,1,0,0.218,1,1
303.0,6,2,6,583.0,1,0,0.3074,1,1
50.0,0,1,0,2179.0,0,1,0.0645,0,0
569.0,2,0,1,2734.0,0,1,0.0555,1,0
818.0,4,2,4,440.0,0,1,0.368,1,1
756.0,1,1,2,105.0,1,0,0.2201,1,1
329.0,5,0,4,148.0,0,0,0.1037,1,1
660.0,7,2,2,116.0,0,0,0.1504,1,1
680.0,0,1,0,2788.0,0,1,0.0362,0,0
859.0,0,0,0,1483.0,0,1,0.1123,0,0
366.0,4,3,0,220.0,0,0,0.3224,1,1
727.0,2,0,0,203.0,0,1,0.1059,1,0
541.0,1,0,3,135.0,0,0,0.2719,1,1
50.0,2,3,0,14.0,0,0,0.1299,1,1
94.0,6,1,2,120.0,1,0,0.3023,1,1
878.0,1,1,0,1664.0,0,1,0.01,1,0
1050.0,2,0,0,163.0,0,1,0.0367,1,0
82.0,1,1,1,2335.0,0,1,0.0262,1,0
1205.0,0,2,1,158.0,0,1,0.0895,0,0
682.0,0,0,0,3811.0,0,1,0.0802,0,0
948.0,0,0,0,211.0,0,1,0.0429,0,0
1219.0,3,1,1,1187.0,0,1,0.0454,1,0
319.0,0,0,1,393.0,0,1,0.1343,0,0
551.0,1,1,0,347.0,0,1,0.1418,1,0
699.0,0,0,2,2389.0,0,1,0.112,0,0
525.0,1,1,0,2768.0,0,1,0.0593,1,0
418.0,4,2,5,223.0,1,0,0.1079,1,1
500.0,1,0,0,1021.0,0,1,0.0336,1,0
605.0,0,1,1,7300.0,0,1,0.0644,0,0
871.0,2,1,0,837.0,0,1,0.0409,1,0
630.0,2,1,6,487.0,1,0,0.4303,1,1
661.0,4,0,0,7300.0,0,1,0.0225,1,0
911.0,1,1,1,6901.0,0,1,0.1279,1,0
683.0,0,1,1,1702.0,0,1,0.0199,0,0
767.0,1,1,0,512.0,0,1,0.1052,1,0
614.0,1,1,0,580.0,0,0,0.0583,1,0
269.0,0,0,0,1414.0,0,1,0.086,0,0
912.0,0,1,1,2783.0,0,1,0.0501,0,0
804.0,2,2,3,471.0,0,0,0.2333,1,1
437.0,2,2,2,38.0,1,0,0.3607,1,1
878.0,0,0,0,285.0,0,1,0.0446,0,0
1042.0,1,0,0,3435.0,0,1,0.1867,1,0
450.0,6,3,5,313.0,0,1,0.2826,1,1
1395.0,1,1,0,7300.0,0,1,0.1244,1,0
870.0,0,1,0,2606.0,0,1,0.0525,0,0
1371.0,2,0,0,1327.0,0,1,0.0301,1,0
543.0,0,1,0,363.0,0,1,0.1175,0,0
734.0,4,2,5,112.0,0,0,0.1869,1,1
346.0,1,1,4,8.0,1,1,0.2683,1,1
258.0,3,3,5,16.0,1,0,0.1525,1,1
881.0,1,1,0,560.0,0,0,0.0699,1,0
713.0,1,1,1,3699.0,0,1,0.1809,1,0
1220.0,0,0,0,742.0,0,1,0.0522,0,0
849.0,1,0,0,541.0,0,1,0.0986,1,0
111.0,1,0,1,742.0,0,0,0.0613,1,0
140.0,3,2,4,336.0,1,0,0.1652,1,1
830.0,4,1,7,56.0,1,0,0.1886,1,1
908.0,0,0,0,294.0,0,1,0.181,0,0
794.0,6,2,4,264.0,1,0,0.1757,1,1
422.0,6,0,2,664.0,0,0,0.2399,1,1
117.0,0,0,0,833.0,0,1,0.0953,0,0
850.0,1,1,0,3525.0,0,0,0.0489,1,0
163.0,0,1,0,1618.0,0,0,0.1764,0,0
1065.0,0,0,0,462.0,0,0,0.1129,0,0
766.0,0,0,0,141.0,0,1,0.0363,0,0
343.0,4,1,5,90.0,0,1,0.2185,1,1
497.0,2,1,0,2259.0,1,1,0.0263,1,0
1247.0,0,0,0,3470.0,0,1,0.1468,0,0
658.0,2,0,0,2836.0,0,1,0.1032,1,0
1004.0,0,1,0,2898.0,0,1,0.0185,0,0
91.0,1,3,9,15.0,1,1,0.2687,1,1
863.0,4,1,2,211.0,0,0,0.1633,1,1
552.0,1,1,0,252.0,0,1,0.0671,1,0
1099.0,1,0,1,3187.0,0,1,0.0391,1,0
1377.0,2,0,1,273.0,0,1,0.0104,1,0
1174.0,1,0,0,650.0,0,1,0.1859,1,0
544.0,2,0,1,1321.0,0,1,0.0389,1,0
926.0,0,0,0,188.0,1,1,0.0642,0,0
347.0,0,1,1,992.0,0,1,0.0839,0,0
1000.0,3,0,0,865.0,0,1,0.0791,1,0
957.0,0,0,0,1965.0,1,1,0.1465,0,0
145.0,1,1,3,2368.0,0,1,0.0609,1,0
393.0,1,1,1,260.0,0,0,0.0161,1,0
700.0,0,1,0,159.0,0,1,0.0797,0,0
694.0,3,0,1,2782.0,0,1,0.094,1,0
963.0,4,1,2,156.0,0,0,0.1577,1,1
648.0,6,2,2,12.0,1,1,0.2177,1,1
888.0,1,0,0,7197.0,1,1,0.1285,1,0
732.0,3,1,0,1126.0,0,1,0.0832,1,0
535.0,0,0,0,483.0,0,1,0.1264,0,0
1167.0,4,1,0,2144.0,0,1,0.0498,1,0
1379.0,1,0,0,3133.0,0,1,0.111,1,0
50.0,5,1,4,49.0,0,0,0.2209,1,1
585.0,0,1,1,2208.0,0,1,0.1393,0,0
971.0,0,0,0,1388.0,0,1,0.2975,0,0
674.0,0,0,0,1031.0,0,1,0.147,0,0
751.0,0,0,0,152.0,0,1,0.0804,0,0
1058.0,0,2,2,433.0,0,0,0.0728,0,0
562.0,6,2,2,74.0,0,1,0.3315,1,1
1261.0,0,0,1,999.0,0,1,0.0286,0,0
349.0,1,1,5,201.0,1,0,0.297,1,1
576.0,1,2,1,157.0,1,0,0.1685,1,1
768.0,0,1,0,182.0,0,1,0.1303,0,0
786.0,2,0,1,254.0,0,1,0.0223,1,0
194.0,3,2,1,2130.0,0,1,0.0672,1,0
1323.0,1,1,1,1714.0,0,1,0.0537,1,0
814.0,2,0,1,1890.0,0,1,0.0516,1,0
393.0,4,3,4,175.0,1,1,0.1441,1,1
1133.0,2,1,0,1397.0,0,0,0.196,1,0
442.0,1,1,0,2717.0,0,1,0.1328,1,0
392.0,3,2,5,201.0,1,0,0.1389,1,1
706.0,1,1,0,1129.0,0,1,0.1039,1,0
238.0,1,1,8,17.0,0,1,0.314,1,1
55.0,0,0,0,3771.0,0,1,0.0329,0,0
765.0,1,0,1,1434.0,0,1,0.0272,1,0
658.0,4,2,10,117.0,0,1,0.2486,1,1
951.0,2,0,0,1129.0,0,1,0.0858,1,0
875.0,4,3,4,18.0,1,1,0.3207,1,1
601.0,4,1,5,45.0,1,0,0.2249,1,1
273.0,4,1,5,88.0,1,0,0.1627,1,1
761.0,2,0,0,1804.0,0,1,0.0746,1,0
486.0,1,1,0,2726.0,0,1,0.0151,1,0
536.0,3,3,3,60.0,1,0,0.2729,1,1
404.0,6,1,3,296.0,1,1,0.2647,1,1
315.0,3,0,6,363.0,0,0,0.1647,1,1
668.0,0,1,0,4996.0,0,1,0.0974,0,0
436.0,0,0,1,412.0,0,1,0.0292,0,0
879.0,4,1,4,132.0,1,0,0.1562,1,1
366.0,0,0,1,1287.0,0,1,0.1032,0,0
817.0,4,4,2,759.0,0,0,0.2096,1,1
455.0,5,2,6,207.0,1,0,0.4729,1,1
909.0,0,0,0,305.0,0,1,0.0253,0,0
663.0,1,2,7,49.0,0,1,0.6349,1,1
341.0,5,4,2,158.0,1,0,0.1103,1,1
639.0,0,0,1,1049.0,0,1,0.0738,0,0
50.0,8,1,7,67.0,1,0,0.492,1,1
395.0,0,0,1,985.0,0,1,0.0194,0,0
276.0,6,3,4,48.0,1,0,0.2529,1,1
663.0,2,1,0,3351.0,0,1,0.0621,1,0
432.0,8,2,6,411.0,0,1,0.1042,1,1
766.0,2,0,0,2623.0,0,1,0.0195,1,0
654.0,0,0,0,164.0,0,1,0.185,0,0
532.0,4,2,2,431.0,1,0,0.2895,1,1
1012.0,0,1,2,2461.0,0,1,0.0596,0,0
339.0,1,0,0,1716.0,0,1,0.1055,1,0
507.0,8,1,4,306.0,0,0,0.1495,1,1
685.0,4,3,6,51.0,0,1,0.3538,1,1
536.0,1,0,0,4451.0,0,1,0.1689,1,0
286.0,0,3,0,583.0,0,1,0.01,0,0
624.0,1,1,0,670.0,0,1,0.1044,1,0
1141.0,0,1,0,245.0,0,1,0.032,0,0
980.0,0,0,0,1108.0,0,1,0.0793,0,0
410.0,4,0,1,92.0,1,0,0.2649,1,1
538.0,3,2,5,25.0,1,0,0.3361,1,1
637.0,6,2,3,392.0,0,0,0.2585,1,1
468.0,2,1,4,209.0,0,0,0.2531,1,1
526.0,3,0,1,1067.0,0,1,0.113,1,0
1265.0,1,0,0,528.0,0,1,0.1145,1,0
381.0,1,0,0,413.0,0,1,0.0646,1,0
1112.0,0,1,1,3665.0,0,1,0.0403,0,0
1112.0,0,1,1,3172.0,0,1,0.0444,0,0
327.0,8,1,3,33.0,0,0,0.1491,1,1
656.0,2,0,0,1516.0,0,1,0.067,1,0
1049.0,2,0,2,5534.0,0,1,0.0384,1,0
1598.0,0,1,1,556.0,0,1,0.0214,0,0
582.0,2,2,4,380.0,1,0,0.1606,1,1
262.0,0,1,1,134.0,0,1,0.0723,0,0
141.0,0,1,0,1066.0,0,1,0.1402,0,0
1049.0,0,0,1,962.0,0,1,0.0135,0,0
728.0,5,4,3,152.0,1,1,0.3169,1,1
669.0,0,0,0,888.0,0,1,0.0868,0,0
298.0,5,1,3,7.0,1,0,0.2217,1,1
742.0,3,1,5,152.0,1,0,0.1948,1,1
948.0,1,1,1,376.0,0,1,0.1194,1,0
877.0,0,1,0,6010.0,0,1,0.2431,0,0
172.0,4,2,0,109.0,0,1,0.1422,1,1
466.0,0,1,0,1723.0,0,1,0.031,0,0
563.0,0,0,0,111.0,0,1,0.0855,0,0
389.0,4,1,4,13.0,1,0,0.2691,1,1
487.0,7,2,4,172.0,0,1,0.169,1,1
801.0,3,3,4,163.0,0,0,0.2052,1,1
416.0,2,2,5,168.0,0,0,0.2894,1,1
1214.0,2,0,3,945.0,0,1,0.0492,1,0
387.0,0,1,1,2948.0,0,1,0.2012,0,0
795.0,4,2,3,418.0,1,1,0.2433,1,1
1333.0,0,1,0,293.0,0,1,0.01,0,0
1057.0,0,0,1,2973.0,0,0,0.0339,0,0
581.0,4,2,6,68.0,0,0,0.1772,1,1
220.0,1,2,1,149.0,0,1,0.0674,1,0
616.0,0,1,0,546.0,0,1,0.0477,0,0
542.0,4,0,0,2858.0,0,1,0.0751,1,0
1052.0,0,0,0,2468.0,0,1,0.0206,0,0
432.0,1,0,0,465.0,0,1,0.0451,1,0
1065.0,2,0,0,159.0,0,1,0.1519,1,0
1279.0,0,0,2,719.0,0,1,0.0827,0,0
1043.0,0,0,0,2941.0,0,1,0.0939,0,0
370.0,6,1,5,186.0,1,1,0.1497,1,1
454.0,1,0,0,1621.0,0,1,0.0311,1,0
302.0,3,2,3,61.0,1,0,0.4005,1,1
1237.0,3,0,0,1345.0,0,1,0.1382,1,0
658.0,2,0,0,7300.0,0,1,0.0481,1,0
872.0,5,2,6,188.0,1,0,0.1068,1,1
653.0,1,0,0,7300.0,0,1,0.0477,1,0
285.0,1,1,4,181.0,1,0,0.2058,1,1
425.0,2,0,1,1089.0,0,1,0.076,1,0
330.0,2,0,7,286.0,0,0,0.2815,1,1
351.0,3,0,0,4149.0,0,0,0.0421,1,0
592.0,4,2,2,583.0,0,0,0.23,1,1
1152.0,0,0,0,2778.0,0,1,0.1061,0,0
553.0,6,2,2,206.0,1,0,0.2401,1,1
864.0,0,1,0,4208.0,0,1,0.0774,0,0
1128.0,0,1,0,2298.0,0,1,0.1523,0,0
103.0,2,1,9,67.0,0,0,0.4139,1,1
1803.0,1,0,1,2789.0,0,1,0.0306,1,0
215.0,2,0,0,1396.0,0,1,0.1088,1,0
151.0,3,2,6,6.0,1,0,0.0682,1,1
739.0,0,0,0,629.0,0,1,0.1177,0,0
1070.0,0,1,0,1490.0,0,1,0.1189,0,0
954.0,2,0,0,1185.0,0,1,0.0142,1,0
658.0,3,1,4,335.0,0,0,0.2095,1,1
880.0,0,0,1,633.0,0,1,0.018,0,0
149.0,1,1,1,1697.0,0,1,0.0631,1,0
676.0,3,1,4,324.0,0,1,0.0692,1,1
311.0,4,1,4,55.0,0,1,0.3582,1,1
1023.0,0,0,0,1694.0,0,1,0.038,0,0
1170.0,0,0,0,2629.0,0,0,0.1214,0,0
928.0,0,0,2,424.0,0,1,0.2517,0,0
851.0,0,1,1,322.0,0,1,0.0514,0,0
491.0,0,0,1,446.0,1,1,0.0686,0,0
550.0,0,0,1,3460.0,0,1,0.0452,0,0
1215.0,0,0,0,1552.0,1,1,0.0686,0,0
1302.0,1,0,0,1183.0,0,1,0.0585,1,0
660.0,3,1,7,117.0,0,0,0.2644,1,1
436.0,1,1,2,12.0,1,0,0.1109,1,1
545.0,1,2,7,77.0,1,1,0.2589,1,1
1210.0,0,1,1,760.0,0,0,0.0558,0,0
1032.0,0,1,1,605.0,0,1,0.0902,0,0
570.0,6,2,0,264.0,0,0,0.2618,1,1
949.0,6,2,5,20.0,1,0,0.305,1,1
667.0,1,2,0,1599.0,0,1,0.0434,1,0
843.0,2,1,4,80.0,1,0,0.0445,1,1
341.0,2,0,3,56.0,1,0,0.1794,1,1
472.0,2,0,5,47.0,1,0,0.476,1,1
487.0,3,1,4,37.0,1,1,0.1804,1,1
1108.0,0,0,1,6608.0,0,1,0.01,0,0
1052.0,0,1,0,2729.0,0,1,0.1605,0,0
238.0,3,3,4,294.0,1,1,0.1232,1,1
660.0,4,3,4,139.0,0,0,0.2535,1,1
1209.0,0,0,0,281.0,0,1,0.0582,0,0
847.0,0,0,0,1879.0,0,1,0.0255,0,0
827.0,2,0,0,1189.0,0,1,0.0675,1,0
443.0,2,3,2,53.0,1,1,0.1094,1,1
744.0,6,3,2,156.0,0,0,0.1501,1,1
810.0,1,1,0,5933.0,0,1,0.0306,1,0
50.0,1,1,1,4372.0,0,1,0.0665,1,0
1106.0,3,0,0,474.0,0,1,0.0639,1,0
630.0,3,0,6,284.0,1,1,0.2778,1,1
387.0,5,1,1,80.0,1,1,0.6324,1,1
694.0,1,3,9,182.0,1,0,0.2971,1,1
725.0,0,0,0,1665.0,0,1,0.0372,0,0
580.0,0,2,0,1286.0,0,1,0.0237,0,0
699.0,1,0,0,386.0,0,1,0.0259,1,0
1296.0,1,1,0,4007.0,0,1,0.052,1,0
380.0,0,3,3,52.0,1,0,0.1738,0,1
675.0,4,2,3,351.0,0,1,0.2516,1,1
346.0,6,0,4,2.0,1,0,0.1203,1,1
435.0,0,0,6,79.0,0,0,0.2719,0,1
423.0,0,0,1,517.0,0,1,0.138,0,0
818.0,3,4,4,10.0,1,1,0.302,1,1
825.0,5,3,4,14.0,0,0,0.1929,1,1
417.0,8,1,6,30.0,1,0,0.3183,1,1
1198.0,0,1,0,2159.0,0,1,0.0711,0,0
918.0,2,2,2,2631.0,0,1,0.0688,1,0
471.0,0,1,0,3380.0,0,1,0.1194,0,0
50.0,4,1,1,43.0,1,0,0.2681,1,1
440.0,1,0,1,1596.0,0,1,0.2139,1,0
1185.0,0,1,0,4155.0,0,1,0.0556,0,0
452.0,2,2,6,8.0,1,1,0.28,1,1
986.0,0,0,0,353.0,0,1,0.0471,0,0
926.0,1,1,0,2811.0,0,1,0.1031,1,0
1416.0,0,0,1,131.0,0,1,0.044,0,0
192.0,5,2,8,583.0,1,1,0.3056,1,1
386.0,2,0,0,2884.0,0,1,0.0996,1,0
164.0,3,2,4,151.0,1,1,0.3539,1,1
1530.0,2,0,0,132.0,0,1,0.0511,1,0
50.0,3,3,4,74.0,1,0,0.2204,1,1
673.0,0,0,1,1804.0,0,1,0.1624,0,0
945.0,0,0,0,2987.0,0,1,0.0916,0,0
50.0,5,2,4,545.0,1,0,0.1169,1,1
456.0,0,2,1,837.0,0,1,0.094,0,0
1192.0,1,1,0,722.0,0,1,0.0662,1,0
1612.0,2,0,0,220.0,0,1,0.0734,1,0
918.0,7,2,4,97.0,1,0,0.293,1,1
483.0,0,0,1,369.0,0,1,0.0234,0,0
289.0,4,1,3,53.0,0,1,0.1755,1,1
890.0,3,0,0,1855.0,0,1,0.087,1,0
1186.0,1,0,0,1140.0,0,0,0.118,1,0
966.0,0,1,0,395.0,0,1,0.0139,0,0
799.0,1,0,0,1110.0,0,1,0.0525,1,0
593.0,0,0,0,3886.0,0,1,0.1064,0,0
417.0,0,1,2,1192.0,0,1,0.0241,0,0
1092.0,1,0,0,845.0,0,1,0.0851,1,0
577.0,3,1,3,3.0,1,0,0.2057,1,1
258.0,0,1,1,1826.0,0,1,0.1467,0,0
1356.0,0,1,1,260.0,0,1,0.0825,0,0
503.0,3,2,4,181.0,0,0,0.2222,1,1
1289.0,1,1,0,1317.0,0,1,0.087,1,0
330.0,0,1,1,911.0,0,1,0.0156,0,0
684.0,8,2,2,32.0,1,0,0.2309,1,1
90.0,2,1,5,73.0,1,1,0.1796,1,1
975.0,0,0,0,707.0,0,1,0.0496,0,0
423.0,4,0,4,152.0,1,0,0.1625,1,1
1047.0,1,2,0,2764.0,1,1,0.1288,1,0
715.0,0,0,0,1374.0,0,1,0.1194,0,0
440.0,2,1,0,3802.0,0,1,0.1234,1,0
292.0,3,2,3,484.0,1,0,0.3512,1,1
462.0,0,0,1,4683.0,0,0,0.1416,0,0
1369.0,0,2,0,616.0,0,1,0.0722,0,0
700.0,0,0,0,1242.0,0,1,0.1367,0,0
1356.0,1,0,0,1468.0,0,1,0.0689,1,0
1037.0,0,1,0,3531.0,0,1,0.0134,0,0
752.0,4,2,0,1563.0,0,1,0.0464,1,0
618.0,3,1,0,614.0,0,1,0.0126,1,0
680.0,0,1,0,1517.0,0,1,0.0137,0,0
949.0,1,1,0,171.0,1,1,0.091,1,0
827.0,0,0,0,3323.0,0,1,0.0926,0,0
592.0,0,1,0,1592.0,0,1,0.0213,0,0
742.0,1,2,1,1988.0,0,1,0.0165,1,0
513.0,4,0,3,583.0,0,1,0.1712,1,1
54.0,1,0,0,1560.0,0,1,0.0572,1,0
344.0,6,1,4,169.0,0,0,0.1831,1,1
457.0,0,1,1,1829.0,0,1,0.01,0,0
396.0,3,0,0,3474.0,0,1,0.0897,1,0
209.0,1,1,0,2693.0,0,1,0.0618,1,0
172.0,2,0,0,1514.0,0,1,0.0684,1,0
325.0,2,0,2,4119.0,0,1,0.1858,1,0
551.0,0,0,0,888.0,0,1,0.0164,0,0
1483.0,0,0,1,1311.0,0,1,0.0482,0,0
615.0,1,1,1,1976.0,0,1,0.1021,1,0
862.0,0,0,0,1136.0,0,1,0.0481,0,0
940.0,1,0,1,897.0,0,1,0.0435,1,0
845.0,1,0,0,304.0,0,1,0.1405,1,0
772.0,0,0,0,1908.0,0,1,0.3361,0,0
626.0,2,2,2,38.0,1,0,0.3216,1,1
1307.0,1,2,2,357.0,0,1,0.0766,1,0
379.0,0,1,8,67.0,1,0,0.3515,0,1
211.0,0,1,0,2189.0,0,1,0.0503,0,0
441.0,0,0,0,358.0,0,0,0.0413,0,0
601.0,4,2,5,38.0,0,0,0.2462,1,1
318.0,0,1,4,487.0,0,0,0.3079,0,1
977.0,1,1,1,987.0,0,1,0.0406,1,0
545.0,0,0,0,1709.0,0,0,0.01,0,0
521.0,9,1,4,67.0,0,0,0.1514,1,1
470.0,2,1,6,268.0,1,0,0.135,1,1
874.0,1,0,0,659.0,0,1,0.1164,1,0
1159.0,2,0,0,224.0,0,1,0.0265,1,0
1187.0,1,1,0,2644.0,0,0,0.1126,1,0
602.0,0,0,0,583.0,0,1,0.0328,0,0
514.0,1,0,0,1598.0,0,1,0.0207,1,0
827.0,0,1,0,3434.0,0,1,0.0711,0,0
1101.0,0,1,0,583.0,0,1,0.0579,0,0
458.0,4,4,5,98.0,1,1,0.1958,1,1
248.0,1,0,0,3744.0,0,1,0.0473,1,0
519.0,0,0,0,976.0,0,1,0.2053,0,0
206.0,4,0,3,121.0,1,0,0.1611,1,1
578.0,2,1,4,248.0,1,0,0.2044,1,1
1490.0,0,0,0,222.0,1,1,0.0543,0,0
314.0,0,1,0,1726.0,0,1,0.081,0,0
976.0,2,0,0,1640.0,0,1,0.1297,1,0
1321.0,0,0,0,3811.0,0,1,0.037,0,0
1595.0,1,2,0,875.0,0,1,0.0167,1,0
658.0,3,0,1,589.0,0,1,0.1007,1,0
972.0,1,1,1,1255.0,0,1,0.0401,1,0
999.0,1,1,0,2182.0,0,1,0.1945,1,0
868.0,0,0,2,1575.0,0,1,0.0764,0,0
765.0,0,0,0,357.0,0,1,0.1124,0,0
952.0,0,0,0,859.0,0,1,0.0642,0,0
50.0,0,1,1,208.0,0,1,0.0418,0,0
1038.0,2,0,0,2510.0,0,1,0.1242,1,0
401.0,4,2,4,534.0,1,0,0.2213,1,1
658.0,1,0,0,174.0,0,1,0.0565,1,0
284.0,4,3,5,53.0,1,0,0.1402,1,1
50.0,7,1,4,175.0,1,1,0.3314,1,1
658.0,0,0,0,1129.0,0,1,0.047,0,0
1497.0,1,3,1,1347.0,0,1,0.2121,1,0
508.0,0,0,0,2320.0,0,1,0.0357,0,0
607.0,2,0,0,1280.0,1,1,0.0568,1,0
197.0,1,1,6,13.0,1,0,0.1576,1,1
1094.0,0,1,1,1491.0,0,1,0.0741,0,0
872.0,1,0,0,224.0,0,1,0.0637,1,0
347.0,1,0,1,5606.0,0,1,0.3043,1,0
613.0,2,0,0,375.0,0,1,0.0345,1,0
587.0,0,0,1,2852.0,0,1,0.01,0,0
772.0,1,1,0,1437.0,0,1,0.1176,1,0
949.0,0,0,0,2520.0,0,1,0.0334,0,0
322.0,3,1,4,11.0,0,0,0.2829,1,1
178.0,0,0,1,199.0,0,1,0.0374,0,0
1172.0,1,1,1,935.0,0,0,0.1399,1,0
888.0,1,0,1,1834.0,0,1,0.0554,1,0
1284.0,0,1,0,1874.0,0,1,0.1119,0,0
955.0,1,0,1,6594.0,0,1,0.1127,1,0
1185.0,0,1,0,1768.0,0,1,0.1011,0,0
963.0,0,0,3,697.0,0,1,0.0289,0,0
1271.0,0,0,0,169.0,0,1,0.01,0,0
982.0,1,1,0,2885.0,0,0,0.0266,1,0
477.0,2,3,2,264.0,1,0,0.2881,1,1
1595.0,0,0,0,1801.0,0,1,0.0528,0,0
1111.0,2,1,0,1275.0,0,1,0.1182,1,0
1000.0,1,1,0,3641.0,0,1,0.0462,1,0
378.0,1,1,0,82.0,0,0,0.3713,1,1
349.0,0,0,0,1005.0,0,1,0.0789,0,0
902.0,0,0,0,1365.0,0,1,0.0396,0,0
385.0,6,1,4,148.0,1,0,0.2458,1,1
692.0,4,2,5,179.0,1,1,0.1505,1,1
765.0,2,1,4,377.0,1,0,0.2581,1,1
1356.0,1,0,0,819.0,0,1,0.0865,1,0
1043.0,0,0,0,1053.0,0,1,0.0302,0,0
718.0,4,1,3,12.0,1,1,0.417,1,1
75.0,5,2,2,583.0,1,0,0.1803,1,1
518.0,0,0,0,840.0,0,1,0.2142,0,0
664.0,2,0,0,667.0,0,1,0.0642,1,0
655.0,0,0,1,92.0,0,1,0.0211,0,0
186.0,4,2,6,99.0,1,0,0.3108,1,1
360.0,0,0,0,574.0,0,1,0.0504,0,0
755.0,1,0,0,417.0,0,0,0.0207,1,0
603.0,0,1,0,2968.0,0,0,0.0246,0,0
50.0,1,0,0,161.0,0,0,0.0143,1,0
1518.0,0,0,0,4238.0,0,1,0.052,0,0
1181.0,0,2,1,2180.0,0,1,0.1237,0,0
668.0,0,0,0,429.0,0,1,0.0398,0,0
806.0,1,1,0,865.0,0,1,0.0505,1,0
389.0,0,0,0,583.0,0,0,0.034,0,0
1393.0,2,0,1,1826.0,0,1,0.0503,1,0
1464.0,0,0,0,1778.0,0,1,0.1439,0,0
854.0,1,0,0,1995.0,1,1,0.0243,1,0
1158.0,0,0,1,1208.0,0,1,0.0926,0,0
861.0,0,0,0,419.0,0,1,0.0925,0,0
332.0,0,1,2,384.0,0,1,0.0741,0,0
655.0,0,0,0,2182.0,0,1,0.1984,0,0
462.0,9,2,3,801.0,1,0,0.2763,1,1
640.0,2,0,0,732.0,0,1,0.0991,1,0
661.0,5,2,5,118.0,1,0,0.1781,1,1
768.0,1,0,0,7300.0,0,1,0.086,1,0
468.0,4,2,3,223.0,1,1,0.3871,1,1
900.0,6,0,2,149.0,0,0,0.1265,1,1
428.0,0,2,1,903.0,0,1,0.0533,0,0
549.0,1,0,1,149.0,0,1,0.0101,1,0
350.0,2,1,0,1372.0,0,1,0.1369,1,0
1142.0,1,0,0,511.0,0,1,0.0403,1,0
700.0,5,4,4,92.0,0,0,0.3688,1,1
823.0,4,1,4,99.0,1,0,0.0797,1,1
50.0,5,0,2,23.0,1,0,0.3656,1,1
694.0,2,1,1,4045.0,0,1,0.0722,1,0
768.0,5,0,1,51.0,0,0,0.2335,1,1
419.0,4,1,1,583.0,1,0,0.2548,1,1
777.0,0,0,1,325.0,0,1,0.0438,0,0
446.0,1,0,1,545.0,0,1,0.094,1,0
357.0,2,0,6,21.0,1,0,0.1316,1,1
1335.0,0,2,1,875.0,0,1,0.0306,0,0
940.0,1,2,3,702.0,0,1,0.3559,1,1
476.0,0,0,0,1996.0,0,1,0.0445,0,0
467.0,10,3,6,119.0,1,1,0.1285,1,1
685.0,1,1,1,402.0,0,1,0.1192,1,0
725.0,1,0,1,1839.0,0,1,0.0474,1,0
973.0,0,0,0,131.0,0,1,0.0773,0,0
716.0,2,1,3,2.0,1,1,0.3446,1,1
341.0,3,3,2,664.0,1,0,0.1509,1,1
1477.0,0,1,1,7300.0,0,1,0.0335,0,0
1085.0,0,1,0,4700.0,0,1,0.0148,0,0
363.0,4,1,2,96.0,0,0,0.3173,1,1
735.0,2,1,0,4578.0,0,1,0.0635,1,0
567.0,3,3,2,94.0,1,0,0.1733,1,1
1213.0,0,0,1,1637.0,0,1,0.0516,0,0
580.0,3,0,0,1463.0,0,1,0.0188,1,0
815.0,1,0,1,2421.0,0,1,0.1092,1,0
817.0,2,0,0,824.0,0,1,0.0588,1,0
635.0,2,1,4,68.0,1,0,0.1641,1,1
319.0,0,0,0,1063.0,0,1,0.0179,0,0
913.0,1,0,0,1505.0,0,1,0.1025,1,0
777.0,1,0,5,182.0,1,1,0.2852,1,1
975.0,1,0,0,2921.0,0,1,0.0782,1,0
613.0,0,1,0,171.0,0,1,0.0177,0,0
544.0,4,1,3,76.0,1,0,0.1251,1,1
493.0,3,1,0,7300.0,0,1,0.036,1,0
1399.0,1,1,0,277.0,0,1,0.0472,1,0
641.0,3,0,3,27.0,1,0,0.1724,1,1
952.0,2,0,0,1696.0,0,1,0.0535,1,0
966.0,0,0,2,931.0,0,1,0.0595,0,0
521.0,1,0,1,1293.0,0,1,0.0316,1,0
292.0,2,1,3,301.0,1,1,0.2025,1,1
1247.0,0,0,0,2331.0,0,1,0.0191,0,0
50.0,1,1,1,904.0,0,0,0.1911,1,0
930.0,3,2,4,34.0,1,1,0.4046,1,1
122.0,5,2,7,334.0,1,0,0.1929,1,1
462.0,1,0,0,6354.0,0,1,0.0611,1,0
1370.0,0,0,0,1938.0,0,1,0.0587,0,0
596.0,0,1,0,273.0,0,1,0.1811,0,0
567.0,1,1,6,36.0,0,0,0.2297,1,1
730.0,0,0,0,1069.0,0,1,0.0424,0,0
1523.0,0,0,0,2515.0,0,1,0.1709,0,0
225.0,4,2,4,249.0,0,0,0.3237,1,1
550.0,5,1,10,150.0,1,0,0.1974,1,1
1324.0,2,0,0,3382.0,0,1,0.0307,1,0
362.0,5,1,4,177.0,1,0,0.2419,1,1
763.0,0,0,0,2702.0,0,1,0.0659,0,0
263.0,6,2,4,99.0,1,0,0.1678,1,1
658.0,0,0,0,583.0,0,1,0.0524,0,0
1358.0,0,1,0,5715.0,0,1,0.0222,0,0
134.0,6,0,7,86.0,1,0,0.2033,1,1
515.0,0,0,0,1098.0,0,1,0.0229,0,0
782.0,0,1,0,638.0,0,1,0.1106,0,0
307.0,2,2,4,44.0,0,1,0.2961,1,1
648.0,5,1,4,121.0,1,1,0.1035,1,1
1307.0,0,0,4,3759.0,0,0,0.022,0,0
581.0,3,2,1,87.0,1,0,0.2854,1,1
422.0,1,0,1,497.0,0,1,0.132,1,0
1281.0,1,0,0,1787.0,0,1,0.1051,1,0
909.0,1,1,1,2698.0,0,1,0.1255,1,0
1040.0,2,0,1,2241.0,0,1,0.0352,1,0
459.0,3,1,6,109.0,0,0,0.252,1,1
410.0,2,0,0,1178.0,0,1,0.1237,1,0
787.0,2,0,0,457.0,0,1,0.0313,1,0
613.0,3,1,2,7300.0,0,1,0.2651,1,0
567.0,4,2,3,424.0,1,1,0.2016,1,1
921.0,1,1,0,184.0,0,1,0.0998,1,0
1679.0,0,1,0,2073.0,0,1,0.0833,0,0
155.0,0,1,0,3108.0,0,1,0.0333,0,0
788.0,0,0,0,796.0,0,1,0.1263,0,0
1024.0,0,0,0,2219.0,0,1,0.0634,0,0
473.0,4,2,4,300.0,1,0,0.1499,1,1
909.0,6,1,6,117.0,0,0,0.2682,1,1
345.0,0,0,0,4759.0,0,1,0.0665,0,0
817.0,1,0,1,71.0,1,0,0.278,1,1
611.0,9,2,1,74.0,0,0,0.3789,1,1
323.0,3,1,6,583.0,1,0,0.4507,1,1
1218.0,2,1,1,392.0,0,1,0.0474,1,0
1135.0,0,0,0,940.0,0,1,0.0297,0,0
818.0,0,1,1,583.0,0,1,0.0507,0,0
880.0,0,0,0,118.0,0,1,0.0569,0,0
434.0,2,1,2,115.0,1,0,0.2717,1,1
833.0,7,3,3,392.0,0,0,0.3188,1,1
50.0,3,1,3,89.0,0,1,0.2866,1,1
695.0,0,1,0,276.0,0,1,0.0227,0,0
1259.0,0,0,1,3483.0,0,1,0.0648,0,0
178.0,7,4,7,42.0,0,0,0.252,1,1
739.0,7,0,3,255.0,0,1,0.3852,1,1
355.0,1,0,1,879.0,0,1,0.0631,1,0
755.0,2,2,4,440.0,1,0,0.1957,1,1
656.0,7,1,3,211.0,1,0,0.2961,1,1
576.0,0,0,0,2337.0,0,0,0.1125,0,0
514.0,1,1,0,2455.0,0,1,0.1946,1,0
426.0,1,1,0,1932.0,1,1,0.0757,1,0
1543.0,1,0,0,2765.0,0,1,0.1178,1,0
1265.0,0,0,0,105.0,0,1,0.118,0,0
308.0,5,3,4,303.0,0,1,0.1743,1,1
371.0,0,1,0,1426.0,0,1,0.1161,0,0
824.0,2,0,0,582.0,0,0,0.0551,1,0
347.0,3,0,0,1552.0,0,1,0.0575,1,0
556.0,1,0,1,1223.0,0,1,0.089,1,0
65.0,4,1,1,262.0,1,1,0.167,1,1
1233.0,0,0,0,316.0,1,0,0.0754,0,0
661.0,0,0,1,1118.0,0,1,0.0358,0,0
375.0,7,1,7,112.0,0,0,0.3235,1,1
1011.0,1,0,0,1039.0,0,0,0.1522,1,0
1606.0,1,0,0,1293.0,0,1,0.0464,1,0
282.0,0,0,1,6258.0,0,1,0.0807,0,0
1240.0,2,1,2,3787.0,1,1,0.0661,1,0
1201.0,0,0,0,4843.0,0,1,0.0151,0,0
459.0,1,0,0,235.0,0,1,0.0291,1,0
1152.0,2,0,0,1824.0,0,1,0.0551,1,0
286.0,6,3,7,194.0,1,0,0.2396,1,1
720.0,0,0,0,1022.0,0,0,0.0165,0,0
511.0,0,0,0,2139.0,0,1,0.1142,0,0
548.0,2,0,0,583.0,0,1,0.051,1,0
1517.0,1,1,0,1358.0,0,1,0.1131,1,0
414.0,3,1,8,16.0,1,1,0.413,1,1
1073.0,1,0,0,2155.0,0,1,0.01,1,0
394.0,4,1,5,316.0,0,0,0.3702,1,1
527.0,0,1,0,4927.0,0,1,0.021,0,0
1178.0,1,1,1,2330.0,0,1,0.074,1,0
327.0,2,1,1,995.0,0,1,0.1467,1,0
557.0,3,4,8,29.0,0,1,0.3223,1,1
811.0,0,0,0,658.0,0,1,0.049,0,0
838.0,0,0,0,999.0,1,1,0.1858,0,0
737.0,2,0,1,2515.0,0,1,0.047,1,0
271.0,2,2,1,674.0,0,1,0.1121,1,1
1042.0,2,0,0,3120.0,0,1,0.0561,1,0
384.0,4,1,2,38.0,0,0,0.153,1,1
454.0,2,0,0,1335.0,0,1,0.0556,1,0
700.0,1,0,1,1008.0,0,1,0.0276,1,0
1218.0,1,2,0,305.0,0,1,0.0913,1,0
1113.0,0,0,1,705.0,0,0,0.0788,0,0
319.0,2,0,0,299.0,0,1,0.035,1,0
923.0,1,0,0,3165.0,0,1,0.3091,1,0
374.0,7,2,10,66.0,1,0,0.2582,1,1
816.0,1,1,0,600.0,0,1,0.0152,1,0
1464.0,1,0,0,122.0,0,1,0.1047,1,0
468.0,2,0,0,1425.0,0,1,0.0105,1,0
507.0,2,1,1,2600.0,0,1,0.057,1,0
1067.0,1,0,1,2708.0,0,1,0.1975,1,0
260.0,0,2,0,524.0,0,1,0.0418,0,0
578.0,0,0,1,7300.0,0,1,0.1034,0,0
463.0,7,1,4,375.0,0,0,0.2489,1,1
439.0,3,1,7,442.0,1,0,0.2751,1,1
717.0,1,0,1,988.0,0,0,0.1103,1,0
1060.0,0,0,0,329.0,0,1,0.1291,0,0
947.0,0,0,0,1313.0,0,1,0.0526,0,0
893.0,2,1,1,2609.0,0,1,0.0362,1,0
681.0,1,0,0,1037.0,0,1,0.0175,1,0
929.0,2,0,1,3719.0,0,1,0.0142,1,0
363.0,4,1,5,83.0,1,0,0.5024,1,1
777.0,6,1,6,282.0,0,0,0.0863,1,1
626.0,0,0,0,2276.0,0,1,0.0682,0,0
736.0,0,0,1,191.0,0,1,0.0453,0,0
453.0,0,0,0,214.0,0,1,0.1054,0,0
110.0,5,1,4,327.0,1,0,0.3032,1,1
516.0,1,1,0,884.0,0,1,0.1667,1,0
410.0,0,0,0,467.0,0,1,0.0174,0,0
609.0,6,1,4,4.0,1,0,0.1494,1,1
874.0,4,0,0,7300.0,0,1,0.0904,1,0
780.0,4,2,7,93.0,1,1,0.1554,1,1
649.0,1,1,1,2414.0,0,1,0.0594,1,0
942.0,0,0,0,91.0,0,1,0.1376,0,0
992.0,2,0,0,291.0,0,1,0.0444,1,0
287.0,5,2,5,181.0,0,0,0.1287,1,1
625.0,3,2,3,529.0,0,0,0.1096,1,1
395.0,5,1,3,93.0,1,1,0.1157,1,1
927.0,2,1,1,2520.0,0,1,0.0297,1,0
736.0,3,2,6,21.0,1,0,0.0424,1,1
69.0,0,0,0,2025.0,0,1,0.1472,0,0
856.0,0,0,2,1227.0,0,1,0.0822,0,0
391.0,1,2,4,115.0,0,0,0.4187,1,1
673.0,1,1,0,583.0,0,1,0.1664,1,0
545.0,0,0,1,2882.0,0,1,0.01,0,0
930.0,1,1,1,395.0,0,1,0.0803,1,0
909.0,0,1,0,4080.0,0,1,0.0506,0,0
1217.0,0,0,0,450.0,0,1,0.01,0,0
658.0,0,0,3,1079.0,0,1,0.1791,0,0
1055.0,0,1,0,1438.0,0,1,0.0698,0,0
454.0,2,0,8,309.0,1,0,0.2758,1,1
718.0,3,2,7,114.0,0,0,0.3306,1,1
918.0,0,0,2,2370.0,0,1,0.0599,0,0
1160.0,1,0,0,2346.0,0,1,0.0654,1,0
1105.0,2,0,0,4688.0,0,1,0.0482,1,0
399.0,1,0,0,3656.0,0,0,0.0639,1,0
1087.0,0,1,0,7300.0,0,1,0.1543,0,0
777.0,1,0,0,1718.0,0,1,0.1216,1,0
825.0,2,2,0,1011.0,0,1,0.1234,1,0
825.0,1,1,0,584.0,0,0,0.0838,1,0
747.0,3,0,1,593.0,0,1,0.0177,1,0
1217.0,1,0,1,384.0,0,1,0.1837,1,0
320.0,7,0,8,73.0,0,0,0.4193,1,1
549.0,4,2,3,16.0,1,0,0.3629,1,1
662.0,1,2,1,712.0,0,1,0.0387,1,0
640.0,3,2,5,282.0,1,0,0.2223,1,1
1230.0,0,0,1,1536.0,0,1,0.1303,0,0
489.0,4,1,4,277.0,0,0,0.103,1,1
631.0,3,2,4,26.0,1,1,0.252,1,1
1669.0,1,1,0,368.0,0,1,0.1406,1,0
892.0,0,0,0,517.0,1,1,0.0618,0,0
1246.0,0,1,0,4021.0,0,1,0.0967,0,0
746.0,0,0,0,2802.0,1,1,0.068,0,0
986.0,2,1,0,495.0,1,1,0.0143,1,0
1093.0,1,0,0,604.0,0,1,0.0147,1,0
1226.0,0,2,2,1912.0,0,1,0.0604,0,0
698.0,6,3,7,16.0,1,0,0.2072,1,1
644.0,6,1,2,379.0,0,0,0.3057,1,1
689.0,0,0,1,1431.0,0,1,0.0354,0,0
599.0,0,1,0,4069.0,0,1,0.1889,0,0
916.0,1,0,1,2740.0,0,1,0.1061,1,0
1126.0,0,0,0,4087.0,0,1,0.0295,0,0
154.0,2,2,4,93.0,0,1,0.1195,1,1
1172.0,0,0,1,2203.0,0,1,0.0935,0,0
1308.0,0,0,0,307.0,0,0,0.0454,0,0
479.0,1,0,0,1813.0,0,1,0.0748,1,0
507.0,1,1,0,742.0,1,1,0.0808,1,0
96.0,3,0,3,131.0,1,0,0.1386,1,1
514.0,6,2,4,37.0,0,1,0.256,1,1
616.0,1,1,2,2061.0,0,1,0.1076,1,0
1273.0,1,1,0,2309.0,0,1,0.1925,1,0
948.0,3,1,0,3592.0,0,1,0.1213,1,0
734.0,3,1,5,208.0,1,0,0.2408,1,1
1000.0,3,2,9,273.0,1,1,0.2479,1,1
339.0,1,0,1,2849.0,0,0,0.0147,1,0
898.0,1,0,1,692.0,0,1,0.0208,1,0
390.0,4,2,7,200.0,1,0,0.215,1,1
1154.0,1,1,0,2410.0,0,1,0.0758,1,0
604.0,4,3,6,181.0,1,0,0.157,1,1
658.0,0,0,0,7300.0,0,1,0.0874,0,0
1607.0,0,0,0,583.0,1,1,0.0558,0,0
658.0,1,0,1,248.0,0,1,0.0293,1,0
762.0,2,0,1,740.0,0,1,0.0753,1,0
1148.0,0,0,0,278.0,0,1,0.1407,0,0
50.0,2,1,2,417.0,1,0,0.121,1,1
226.0,0,0,3,336.0,0,1,0.0257,0,0
174.0,0,1,0,1132.0,0,1,0.0486,0,0
582.0,2,1,1,2798.0,0,1,0.042,1,0
1003.0,0,1,0,215.0,0,1,0.0207,0,0
973.0,3,0,0,1580.0,0,1,0.0835,1,0
1174.0,3,1,0,170.0,0,1,0.0802,1,0
515.0,4,1,6,196.0,0,0,0.1402,1,1
50.0,0,1,2,4667.0,0,1,0.0856,0,0
1100.0,1,0,0,1310.0,0,1,0.0369,1,0
510.0,1,0,0,2729.0,0,1,0.0449,1,0
533.0,3,2,3,53.0,1,0,0.2945,1,1
639.0,1,2,4,306.0,0,0,0.1727,1,1
341.0,7,3,1,14.0,1,0,0.1407,1,1
757.0,0,1,1,2648.0,0,1,0.1354,0,0
639.0,0,0,0,1101.0,0,1,0.0686,0,0
744.0,0,0,0,4641.0,0,1,0.013,0,0
670.0,1,0,0,6780.0,0,1,0.0755,1,0
328.0,1,0,0,515.0,0,1,0.1393,1,0
549.0,1,1,0,1572.0,0,1,0.0368,1,0
982.0,2,0,1,1475.0,0,1,0.02,1,0
912.0,0,1,0,3736.0,0,1,0.0253,0,0
338.0,0,2,4,194.0,1,0,0.1303,0,1
451.0,0,1,1,1772.0,0,0,0.0384,0,0
736.0,0,0,0,2135.0,0,1,0.2868,0,0
454.0,3,2,4,127.0,0,0,0.3937,1,1
862.0,1,0,0,5897.0,1,1,0.01,1,0
58.0,6,1,1,137.0,1,1,0.4688,1,1
284.0,0,0,0,143.0,0,1,0.0233,0,0
594.0,0,0,0,1056.0,0,1,0.0835,0,0
317.0,3,2,2,259.0,0,0,0.2946,1,1
712.0,5,2,3,299.0,0,0,0.2309,1,1
692.0,4,1,4,22.0,0,0,0.1277,1,1
557.0,1,0,0,1198.0,0,1,0.1042,1,0
110.0,1,0,0,719.0,0,1,0.0903,1,0
836.0,0,1,0,496.0,0,1,0.2367,0,0
1514.0,0,2,2,1148.0,0,1,0.0359,0,0
351.0,3,2,4,59.0,1,0,0.1632,1,1
792.0,2,0,1,2007.0,0,1,0.094,1,0
916.0,6,3,3,52.0,1,0,0.1289,1,1
796.0,3,1,0,1333.0,0,1,0.1129,1,0
515.0,1,1,1,4920.0,0,1,0.0412,1,0
1088.0,0,2,1,1131.0,0,1,0.0954,0,0
447.0,2,2,8,114.0,1,1,0.177,1,1
335.0,2,2,8,101.0,1,0,0.1623,1,1
672.0,5,1,2,73.0,1,1,0.1921,1,1
497.0,5,1,7,138.0,1,0,0.3817,1,1
520.0,2,2,4,4.0,1,0,0.1293,1,1
296.0,4,1,0,103.0,1,1,0.2863,1,1
1150.0,1,0,0,190.0,0,1,0.0406,1,0
625.0,3,0,0,7300.0,0,1,0.2202,1,0
526.0,0,0,0,2724.0,0,1,0.0775,0,0
430.0,4,1,4,583.0,0,0,0.083,1,1
796.0,3,1,2,158.0,0,0,0.1577,1,1
965.0,0,0,0,4704.0,0,1,0.0517,0,0
247.0,3,3,6,583.0,1,0,0.2277,1,1
465.0,4,2,4,268.0,1,1,0.2963,1,1
73.0,1,1,0,893.0,0,1,0.082,1,0
769.0,1,1,2,101.0,0,1,0.1283,1,0
309.0,3,3,2,167.0,1,0,0.3712,1,1
685.0,1,0,0,3979.0,0,1,0.0275,1,0
912.0,3,2,4,58.0,1,0,0.0924,1,1
389.0,1,0,1,4153.0,0,1,0.0123,1,0
754.0,6,1,9,61.0,0,0,0.2258,1,1
247.0,5,2,4,19.0,1,0,0.3636,1,1
716.0,6,1,2,41.0,0,0,0.2146,1,1
490.0,2,2,0,307.0,0,1,0.0297,1,0
669.0,2,1,4,618.0,1,0,0.5134,1,1
476.0,6,1,4,42.0,1,0,0.2798,1,1
1005.0,1,0,0,1860.0,0,1,0.0195,1,0
338.0,0,3,4,85.0,1,0,0.3368,0,1
890.0,0,0,0,1851.0,0,1,0.0393,0,0
715.0,1,0,0,1099.0,0,1,0.105,1,0
802.0,1,2,1,181.0,0,1,0.0357,1,0
686.0,0,1,1,494.0,0,1,0.096,0,0
742.0,0,0,0,124.0,0,1,0.0178,0,0
247.0,5,2,3,32.0,0,0,0.1125,1,1
452.0,0,0,0,2511.0,0,1,0.1236,0,0
658.0,6,2,5,303.0,1,1,0.2653,1,1
314.0,1,0,1,1441.0,0,1,0.0437,1,0
239.0,1,1,0,2266.0,0,1,0.2311,1,0
373.0,1,2,0,1522.0,0,1,0.0214,1,0
554.0,4,3,5,88.0,0,0,0.227,1,1
487.0,0,0,2,902.0,0,1,0.0848,0,0
979.0,0,0,1,1138.0,0,1,0.0411,0,0
704.0,4,1,3,264.0,0,0,0.2315,1,1
111.0,1,0,0,1512.0,0,1,0.01,1,0
1029.0,4,0,1,1385.0,0,1,0.1364,1,0
1083.0,1,1,0,463.0,0,1,0.1447,1,0
380.0,5,2,4,201.0,1,1,0.2617,1,1
947.0,1,0,0,406.0,0,1,0.0279,1,0
529.0,2,1,7,79.0,1,0,0.181,1,1
834.0,1,0,1,2631.0,0,1,0.0342,1,0
234.0,5,2,3,22.0,0,0,0.1664,1,1
818.0,4,0,4,397.0,1,1,0.2908,1,1
275.0,4,1,10,583.0,0,0,0.2921,1,1
756.0,1,0,0,2341.0,0,0,0.0633,1,0
558.0,3,1,3,79.0,0,0,0.2515,1,1
385.0,0,1,1,4155.0,1,1,0.0698,0,0
660.0,1,0,1,365.0,1,1,0.0612,1,0
894.0,2,0,0,889.0,0,1,0.0498,1,0
379.0,2,2,4,291.0,1,1,0.3127,1,1
533.0,1,1,3,68.0,1,0,0.1655,1,1
584.0,7,1,3,145.0,1,1,0.2761,1,1
1210.0,0,0,0,1572.0,0,1,0.0831,0,0
658.0,0,0,0,583.0,0,0,0.018,0,0
569.0,3,0,2,334.0,0,0,0.1832,1,1
1213.0,0,0,1,813.0,0,1,0.1118,0,0
968.0,0,0,1,3416.0,1,1,0.0974,0,0
729.0,1,0,0,228.0,0,1,0.0912,1,0
615.0,2,0,2,205.0,0,1,0.0181,1,0
1162.0,2,0,0,1142.0,0,1,0.0236,1,0
301.0,1,0,0,1031.0,0,1,0.1,1,0
460.0,2,0,0,407.0,0,1,0.0174,1,0
660.0,1,1,0,640.0,0,1,0.01,1,0
471.0,4,0,4,41.0,1,0,0.3889,1,1
932.0,0,1,0,1385.0,0,1,0.0305,0,0
461.0,3,1,0,255.0,0,1,0.1063,1,0
746.0,7,0,5,38.0,0,0,0.0664,1,1
584.0,0,0,1,167.0,0,1,0.1713,0,0
570.0,1,0,2,22.0,1,0,0.1839,1,1
667.0,5,1,6,208.0,0,0,0.1855,1,1
319.0,1,0,1,3310.0,0,1,0.037,1,0
1363.0,0,0,0,915.0,0,1,0.0463,0,0
256.0,4,0,6,82.0,0,0,0.1579,1,1
299.0,5,3,7,104.0,1,1,0.2463,1,1
637.0,0,0,0,1277.0,0,1,0.038,0,0
747.0,0,1,0,1022.0,0,1,0.0839,0,0
298.0,0,0,0,448.0,0,0,0.0986,0,0
278.0,6,3,2,23.0,0,0,0.2943,1,1
972.0,2,0,0,834.0,0,1,0.113,1,0
369.0,3,2,3,30.0,1,1,0.3537,1,1
412.0,1,0,0,1539.0,0,1,0.0236,1,0
672.0,0,0,0,493.0,0,1,0.0594,0,0
747.0,0,0,0,271.0,0,1,0.036,0,0
311.0,1,1,0,1325.0,0,1,0.0401,1,0
1006.0,2,0,0,2065.0,0,1,0.1033,1,0
546.0,0,0,0,3165.0,0,1,0.0806,0,0
731.0,0,0,1,2962.0,0,1,0.0873,0,0
312.0,4,0,5,34.0,0,1,0.246,1,1
523.0,0,1,1,1159.0,0,0,0.0598,0,0
797.0,0,2,0,3703.0,0,1,0.0514,0,0
357.0,2,2,3,18.0,1,0,0.3502,1,1
708.0,3,1,2,30.0,1,1,0.5248,1,1
648.0,4,1,5,471.0,1,0,0.1203,1,1
860.0,2,1,4,139.0,1,1,0.2761,1,1
1378.0,1,0,2,986.0,0,1,0.082,1,0
848.0,0,2,1,2024.0,0,1,0.0289,0,0
368.0,3,3,8,254.0,0,0,0.2987,1,1
525.0,3,2,3,19.0,1,0,0.3226,1,1
855.0,0,0,0,773.0,0,1,0.1267,0,0
393.0,6,0,3,406.0,0,0,0.2808,1,1
283.0,0,0,0,248.0,0,0,0.0614,0,0
541.0,0,1,0,2190.0,0,1,0.0709,0,0
1217.0,0,0,0,444.0,0,1,0.1226,0,0
1132.0,1,1,2,3513.0,0,1,0.0247,1,0
885.0,0,2,0,1014.0,0,1,0.0475,0,0
263.0,0,1,1,539.0,0,1,0.0195,0,0
567.0,6,2,7,282.0,1,1,0.2866,1,1
905.0,1,0,0,1543.0,0,0,0.0314,1,0
861.0,4,2,1,429.0,0,1,0.029,1,0
411.0,3,2,4,323.0,0,0,0.1523,1,1
304.0,6,2,0,839.0,0,0,0.1274,1,1
425.0,4,1,4,10.0,1,0,0.2023,1,1
549.0,1,2,2,391.0,1,1,0.1174,1,1
410.0,2,0,5,36.0,1,0,0.4033,1,1
743.0,0,0,3,6287.0,0,1,0.0345,0,0
850.0,2,2,0,1139.0,0,1,0.0611,1,0
1097.0,0,1,1,2434.0,1,0,0.0552,0,0
1042.0,3,0,0,1172.0,0,1,0.1166,1,0
1003.0,0,0,0,463.0,0,0,0.0373,0,0
192.0,3,0,3,152.0,1,0,0.2943,1,1
132.0,0,0,0,704.0,0,1,0.0229,0,0
662.0,1,1,1,2154.0,0,0,0.0333,1,0
1150.0,1,0,1,625.0,0,1,0.0284,1,0
785.0,1,1,8,9.0,1,1,0.3396,1,1
1048.0,1,2,0,1190.0,0,1,0.032,1,0
563.0,1,2,1,129.0,1,0,0.2279,1,1
932.0,0,0,2,1801.0,0,1,0.0467,0,0
605.0,0,1,0,210.0,0,1,0.0596,0,0
754.0,1,1,0,2472.0,0,1,0.1009,1,0
455.0,3,2,3,181.0,1,0,0.4996,1,1
470.0,0,0,0,1848.0,0,1,0.0612,0,0
310.0,5,2,11,64.0,1,0,0.2235,1,1
687.0,1,0,1,1552.0,0,1,0.0702,1,0
1263.0,1,0,0,927.0,0,1,0.1236,1,0
633.0,2,2,6,329.0,1,0,0.4484,1,1
67.0,4,0,6,143.0,1,0,0.2243,1,1
739.0,2,3,1,429.0,0,0,0.2095,1,1
711.0,7,0,5,124.0,1,1,0.3187,1,1
501.0,3,2,5,106.0,0,1,0.3377,1,1
430.0,1,2,9,34.0,1,0,0.359,1,1
568.0,2,2,2,228.0,1,0,0.161,1,1
983.0,4,2,5,178.0,0,1,0.2233,1,1
92.0,5,3,5,94.0,1,0,0.3528,1,1
769.0,2,1,0,398.0,0,1,0.0298,1,0
279.0,6,2,3,22.0,1,0,0.4126,1,1
1132.0,1,0,0,288.0,0,1,0.0415,1,0
425.0,2,0,6,72.0,1,1,0.2213,1,1
385.0,6,0,3,27.0,0,0,0.2086,1,1
878.0,0,1,1,2167.0,0,1,0.0384,0,0
230.0,6,2,1,346.0,1,1,0.3661,1,1
235.0,0,1,2,1369.0,0,1,0.0841,0,0
708.0,1,1,0,464.0,1,1,0.0787,1,0
598.0,6,1,1,138.0,0,0,0.2776,1,1
1136.0,2,2,0,1013.0,1,1,0.1037,1,0
222.0,1,3,5,80.0,1,0,0.3501,1,1
524.0,2,3,6,11.0,1,0,0.3815,1,1
860.0,0,0,1,583.0,0,1,0.0263,0,0
1035.0,3,0,0,3625.0,0,1,0.0619,1,0
1334.0,0,0,0,1111.0,0,1,0.1339,0,0
1110.0,0,0,0,1043.0,0,1,0.0361,0,0
276.0,3,2,6,231.0,1,0,0.3059,1,1
821.0,0,1,1,3627.0,0,1,0.0998,0,0
935.0,2,0,0,1680.0,0,1,0.0214,1,0
1237.0,2,2,0,2082.0,0,1,0.0518,1,0
333.0,1,0,1,2383.0,0,0,0.108,1,0
146.0,1,0,3,3.0,0,1,0.2315,1,1
529.0,0,0,0,3360.0,0,1,0.1188,0,0
868.0,4,3,7,97.0,1,0,0.4093,1,1
1230.0,1,0,0,846.0,0,1,0.1438,1,0
500.0,7,4,3,242.0,0,0,0.2527,1,1
50.0,0,1,2,499.0,0,1,0.1089,0,0
655.0,0,0,0,3600.0,0,1,0.0907,0,0
810.0,5,1,6,56.0,0,0,0.0847,1,1
988.0,1,0,0,1981.0,0,1,0.0132,1,0
373.0,1,2,5,118.0,1,0,0.1422,1,1
752.0,3,2,2,105.0,0,0,0.139,1,1
352.0,0,1,1,2475.0,0,1,0.1257,0,0
980.0,1,1,0,604.0,0,1,0.023,1,0
584.0,5,0,3,22.0,0,1,0.3552,1,1
1564.0,0,0,1,1498.0,0,1,0.1197,0,0
999.0,1,0,0,638.0,0,1,0.0223,1,0
596.0,1,0,1,4991.0,0,1,0.0145,1,0
586.0,1,0,1,624.0,0,1,0.0146,1,0
767.0,1,0,0,4143.0,0,1,0.0532,1,0
647.0,2,0,2,7.0,1,0,0.2511,1,1
344.0,3,1,4,75.0,0,0,0.287,1,1
183.0,5,2,4,26.0,1,0,0.1736,1,1
346.0,5,3,6,127.0,1,0,0.1616,1,1
1461.0,0,0,1,3289.0,0,1,0.01,0,0
220.0,1,1,7,37.0,0,0,0.1627,1,1
1069.0,1,0,1,2328.0,0,1,0.0789,1,0
587.0,1,0,0,4366.0,0,1,0.1048,1,0
927.0,3,1,0,335.0,0,1,0.0716,1,0
908.0,1,1,0,246.0,0,0,0.01,1,0
399.0,7,1,4,385.0,1,0,0.2416,1,1
387.0,3,3,5,81.0,1,0,0.3425,1,1
1251.0,1,1,0,1579.0,0,0,0.065,1,0
660.0,2,1,0,438.0,0,1,0.2442,1,0
412.0,2,1,3,133.0,1,1,0.4383,1,1
921.0,0,1,1,1151.0,1,1,0.0926,0,0
830.0,1,0,1,3134.0,0,1,0.0443,1,0
924.0,1,0,0,3034.0,0,1,0.1159,1,0
860.0,2,3,5,134.0,1,0,0.5176,1,1
50.0,2,1,7,61.0,1,0,0.1335,1,1
1306.0,0,0,0,204.0,0,0,0.0953,0,0
998.0,0,0,0,2382.0,0,0,0.1614,0,0
402.0,5,1,4,241.0,1,1,0.3866,1,1
430.0,3,2,4,26.0,1,1,0.1367,1,1
1374.0,1,0,0,1281.0,0,1,0.1371,1,0
357.0,5,3,2,211.0,1,1,0.3647,1,1
406.0,0,0,0,332.0,0,0,0.1046,0,0
885.0,2,0,0,4331.0,0,1,0.01,1,0
341.0,1,1,6,231.0,0,0,0.2821,1,1
993.0,1,0,0,1661.0,1,1,0.1119,1,0
608.0,1,0,1,507.0,0,1,0.0857,1,0
1473.0,1,0,0,918.0,0,1,0.0839,1,0
528.0,1,0,0,3770.0,0,1,0.0299,1,0
421.0,6,1,5,283.0,1,0,0.2277,1,1
635.0,3,1,0,505.0,0,0,0.0307,1,0
347.0,4,1,4,28.0,1,1,0.1817,1,1
1062.0,2,0,0,1628.0,0,1,0.01,1,0
77.0,0,0,0,1413.0,0,1,0.0783,0,0
809.0,0,0,0,436.0,0,1,0.152,0,0
658.0,6,2,0,29.0,0,1,0.4174,1,1
687.0,0,0,0,4375.0,0,1,0.0639,0,0
50.0,4,2,0,232.0,0,0,0.3426,1,1
926.0,1,2,0,2101.0,0,1,0.0902,1,0
859.0,5,3,9,116.0,1,0,0.2369,1,1
789.0,1,1,0,808.0,0,1,0.0234,1,0
645.0,4,2,4,183.0,0,0,0.2214,1,1
501.0,2,2,6,181.0,1,1,0.2119,1,1
333.0,1,4,6,84.0,1,0,0.28,1,1
50.0,1,2,2,42.0,0,0,0.3093,1,1
525.0,4,3,4,278.0,1,1,0.1467,1,1
579.0,0,0,0,780.0,0,1,0.0128,0,0
629.0,0,0,0,3927.0,0,1,0.01,0,0
1021.0,0,1,1,1335.0,0,1,0.0311,0,0
863.0,5,1,6,154.0,0,0,0.1803,1,1
308.0,1,0,0,4724.0,0,1,0.0507,1,0
527.0,2,2,3,164.0,0,1,0.3912,1,1
869.0,2,0,0,3911.0,0,1,0.0813,1,0
772.0,2,0,0,2422.0,0,1,0.0105,1,0
597.0,0,0,1,296.0,0,1,0.0274,0,0
872.0,3,1,5,181.0,0,0,0.1965,1,1
1043.0,1,0,0,3150.0,0,1,0.0449,1,0
618.0,0,0,0,1227.0,0,1,0.1072,0,0
769.0,1,1,0,1320.0,0,1,0.0118,1,0
1559.0,1,0,0,4083.0,0,0,0.0314,1,0
301.0,0,1,0,4304.0,0,1,0.0515,0,0
151.0,1,1,0,305.0,0,1,0.1201,1,0
579.0,5,1,4,115.0,0,1,0.2544,1,1
562.0,1,0,1,4150.0,0,1,0.0658,1,0
688.0,0,1,1,3175.0,0,1,0.0897,0,0
526.0,0,1,1,2387.0,0,1,0.0819,0,0
709.0,0,1,0,283.0,0,1,0.0642,0,0
1359.0,1,0,1,1837.0,0,1,0.1074,1,0
1080.0,1,2,1,1659.0,0,1,0.1243,1,0
1101.0,2,0,0,419.0,0,1,0.0475,1,0
304.0,0,0,0,2765.0,0,1,0.1316,0,0
499.0,3,1,2,75.0,1,0,0.1185,1,1
383.0,3,3,6,247.0,1,0,0.2216,1,1
363.0,2,3,3,6.0,0,0,0.2078,1,1
1134.0,1,1,0,248.0,0,1,0.0264,1,0
980.0,2,0,0,1429.0,0,1,0.1192,1,0
722.0,0,0,0,749.0,0,1,0.0178,0,0
792.0,3,1,0,223.0,1,1,0.054,1,0
411.0,6,0,1,181.0,0,1,0.2854,1,1
871.0,1,1,0,1826.0,0,1,0.0412,1,0
1068.0,1,1,0,282.0,0,1,0.0837,1,0
234.0,0,0,1,254.0,0,1,0.0165,0,0
776.0,4,1,6,172.0,1,0,0.2179,1,1
1126.0,0,0,0,294.0,0,1,0.1339,0,0
654.0,1,0,1,939.0,0,1,0.0615,1,0
1045.0,0,1,1,347.0,0,1,0.098,0,0
1785.0,0,1,0,5132.0,0,1,0.0431,0,0
763.0,1,0,0,1271.0,0,1,0.1339,1,0
937.0,2,0,0,302.0,0,1,0.1091,1,0
541.0,1,0,0,2726.0,0,1,0.0775,1,0
863.0,1,0,0,2821.0,0,1,0.0684,1,0
961.0,0,0,0,4256.0,0,0,0.0656,0,0
868.0,2,0,0,2291.0,0,1,0.1529,1,0
443.0,1,0,1,191.0,0,1,0.0671,1,0
538.0,2,2,2,95.0,1,0,0.3559,1,1
769.0,0,2,7,62.0,0,1,0.1726,0,1
957.0,0,0,0,2575.0,0,1,0.0445,0,0
1136.0,0,2,0,1698.0,0,1,0.0177,0,0
717.0,0,0,1,2415.0,0,1,0.0971,0,0
1062.0,2,1,0,448.0,0,1,0.0461,1,0
231.0,0,3,9,58.0,0,0,0.0815,0,1
467.0,2,0,0,1108.0,0,1,0.2089,1,0
672.0,2,0,9,369.0,0,0,0.2032,1,1
452.0,0,0,3,124.0,0,1,0.0783,0,0
578.0,0,0,0,3137.0,0,1,0.1586,0,0
401.0,5,2,2,209.0,1,0,0.1713,1,1
210.0,1,1,7,179.0,0,0,0.2521,1,1
738.0,3,2,3,134.0,1,0,0.2375,1,1
351.0,0,0,3,137.0,0,1,0.1115,0,1
1000.0,0,2,0,2132.0,0,1,0.0883,0,0
486.0,3,1,7,210.0,0,0,0.4759,1,1
261.0,0,1,0,2771.0,0,1,0.0428,0,0
806.0,5,3,4,33.0,0,0,0.3473,1,1
643.0,3,0,0,1898.0,0,1,0.0268,1,0
172.0,1,3,3,112.0,0,1,0.3705,1,1
672.0,0,1,0,2002.0,0,1,0.113,0,0
97.0,1,0,0,1714.0,0,1,0.0472,1,0
658.0,0,0,0,540.0,0,1,0.0672,0,0
165.0,2,1,3,583.0,1,0,0.3628,1,1
1021.0,2,0,0,6803.0,1,1,0.1213,1,0
555.0,2,0,0,2193.0,0,1,0.0873,1,0
658.0,0,2,1,1146.0,0,1,0.0695,0,0
130.0,0,1,0,1476.0,0,1,0.0243,0,0
625.0,4,1,4,8.0,0,0,0.1403,1,1
721.0,1,0,0,902.0,0,1,0.112,1,0
251.0,4,2,2,6.0,1,1,0.4493,1,1
827.0,1,0,1,1518.0,0,1,0.0498,1,0
1198.0,0,1,0,1570.0,0,0,0.1725,0,0
517.0,4,3,3,209.0,1,1,0.407,1,1
293.0,5,0,4,583.0,1,1,0.1786,1,1
1297.0,1,0,1,1603.0,0,1,0.0192,1,0
760.0,1,0,0,653.0,0,1,0.0862,1,0
457.0,2,3,5,375.0,0,0,0.2653,1,1
1232.0,2,1,0,3676.0,0,1,0.0194,1,0
334.0,5,2,2,28.0,0,0,0.2608,1,1
133.0,5,1,7,173.0,0,1,0.2144,1,1
248.0,1,0,0,1022.0,0,0,0.2722,1,1
753.0,0,1,2,1767.0,0,1,0.0395,0,0
536.0,3,2,6,90.0,1,0,0.1195,1,1
274.0,1,0,1,399.0,0,1,0.0253,1,0
527.0,1,0,0,4617.0,0,1,0.0574,1,0
1272.0,0,0,0,582.0,0,1,0.01,0,0
1110.0,1,0,1,2325.0,0,1,0.0363,1,0
547.0,3,1,2,325.0,1,0,0.2044,1,1
319.0,3,2,5,135.0,1,0,0.1405,1,1
282.0,7,1,4,108.0,1,1,0.1338,1,1
1274.0,0,1,0,326.0,0,0,0.044,0,0
729.0,1,0,0,1164.0,0,1,0.0506,1,0
881.0,0,0,0,631.0,0,1,0.0488,0,0
531.0,5,2,5,131.0,1,0,0.4464,1,1
527.0,0,1,0,1506.0,0,0,0.0451,0,0
302.0,2,3,7,38.0,1,0,0.2355,1,1
264.0,0,2,2,809.0,0,0,0.0271,0,0
1370.0,0,0,2,308.0,0,1,0.0339,0,0
242.0,5,1,4,255.0,1,0,0.2474,1,1
715.0,0,0,0,2339.0,0,1,0.0411,0,0
808.0,5,1,0,600.0,0,0,0.2245,1,1
191.0,4,1,8,612.0,0,0,0.1608,1,1
436.0,1,0,2,3345.0,0,1,0.0849,1,0
587.0,0,0,0,1282.0,0,1,0.0635,0,0
751.0,1,0,0,2937.0,0,1,0.0527,1,0
303.0,4,2,4,142.0,1,0,0.1375,1,1
872.0,0,1,1,3480.0,0,1,0.01,0,0
907.0,0,0,0,3502.0,0,0,0.1086,0,0
416.0,1,2,0,2135.0,0,1,0.0739,1,0
722.0,4,4,3,83.0,0,1,0.4721,1,1
1429.0,0,0,1,2790.0,0,1,0.0511,0,0
126.0,5,2,5,93.0,1,1,0.3597,1,1
566.0,3,2,2,169.0,1,0,0.2355,1,1
714.0,0,1,0,288.0,0,1,0.069,0,0
800.0,1,1,0,467.0,0,1,0.0569,1,0
692.0,3,1,4,46.0,0,1,0.2977,1,1
1245.0,1,0,0,5381.0,0,1,0.0244,1,0
887.0,2,1,4,583.0,1,0,0.2291,1,1
664.0,1,1,0,3999.0,0,1,0.0361,1,0
780.0,0,1,2,778.0,0,1,0.0132,0,0
400.0,4,1,5,309.0,1,0,0.3844,1,1
1111.0,0,1,0,583.0,0,1,0.1457,0,0
801.0,0,0,1,4132.0,0,1,0.0355,0,0
1016.0,0,2,1,583.0,0,1,0.165,0,0
1373.0,0,1,1,7300.0,0,1,0.0293,0,0
933.0,2,0,0,3250.0,0,1,0.1872,1,0
909.0,0,0,0,1004.0,0,1,0.0524,0,0
687.0,3,2,7,68.0,1,0,0.3641,1,1
50.0,3,1,0,3822.0,1,1,0.0688,1,0
67.0,4,0,4,80.0,1,1,0.3498,1,1
766.0,1,0,0,3605.0,0,1,0.0267,1,0
260.0,4,2,4,192.0,0,1,0.3676,1,1
885.0,1,0,0,142.0,1,1,0.0222,1,0
722.0,3,1,3,100.0,0,0,0.0737,1,1
1194.0,1,1,0,2088.0,0,1,0.0969,1,0
830.0,0,1,0,308.0,0,1,0.0658,0,0
538.0,0,0,0,2552.0,0,1,0.0275,0,0
1146.0,0,1,0,1068.0,0,1,0.082,0,0
724.0,0,1,0,1580.0,0,1,0.0572,0,0
984.0,0,0,0,2997.0,0,1,0.0694,0,0
658.0,5,2,8,16.0,0,0,0.3933,1,1
572.0,0,0,0,1048.0,0,1,0.0438,0,0
829.0,2,0,0,2443.0,0,1,0.1888,1,0
804.0,1,1,0,4601.0,0,1,0.1036,1,0
511.0,1,2,5,38.0,0,0,0.1384,1,1
705.0,0,0,3,1844.0,1,1,0.1555,0,0
157.0,1,1,0,5526.0,0,1,0.1021,1,0
648.0,0,1,1,1973.0,0,1,0.0798,0,0
621.0,5,1,6,95.0,0,0,0.228,1,1
253.0,4,3,4,200.0,1,1,0.2377,1,1
713.0,1,1,0,4859.0,0,1,0.1019,1,0
479.0,2,2,4,31.0,0,0,0.2739,1,1
470.0,4,1,6,7.0,1,1,0.1879,1,1
260.0,0,0,1,273.0,0,1,0.01,0,0
50.0,1,1,6,85.0,0,1,0.2893,1,1
630.0,0,0,1,621.0,0,1,0.173,0,0
461.0,0,1,0,150.0,0,1,0.0286,0,0
738.0,0,1,0,283.0,0,1,0.0598,0,0
972.0,0,0,0,718.0,0,1,0.1302,0,0
796.0,2,0,0,261.0,0,1,0.0859,1,0
50.0,3,2,6,454.0,1,0,0.2237,1,1
1434.0,0,0,0,190.0,0,1,0.0677,0,0
679.0,0,0,0,1059.0,0,1,0.1287,0,0
897.0,1,1,2,3189.0,0,1,0.0805,1,0
302.0,4,2,6,51.0,1,1,0.281,1,1
503.0,0,0,0,4324.0,0,1,0.1011,0,0
595.0,1,0,0,2553.0,0,0,0.056,1,0
632.0,1,1,1,594.0,0,1,0.114,1,0
925.0,3,1,1,2271.0,0,1,0.1277,1,0
370.0,1,1,4,129.0,1,1,0.2656,1,1
599.0,4,1,3,115.0,1,1,0.162,1,1
654.0,0,0,0,3051.0,0,1,0.0825,0,0
436.0,2,3,7,134.0,1,1,0.4377,1,1
938.0,0,0,0,1715.0,0,1,0.0481,0,0
348.0,2,1,2,178.0,1,1,0.4736,1,1
1249.0,0,0,0,3034.0,0,1,0.01,0,0
50.0,0,0,0,336.0,1,1,0.1686,0,0
50.0,3,1,0,520.0,0,1,0.1225,1,0
800.0,2,1,0,14.0,1,0,0.264,1,1
1184.0,0,0,0,5384.0,0,1,0.0282,0,0
252.0,0,0,0,246.0,0,1,0.0541,0,0
50.0,0,0,1,2538.0,0,1,0.0261,0,0
667.0,4,2,3,62.0,1,0,0.2622,1,1
885.0,1,0,0,290.0,0,1,0.0622,1,0
235.0,2,1,3,10.0,0,0,0.2662,1,1
335.0,1,0,4,139.0,1,0,0.2921,1,1
460.0,1,0,0,3248.0,0,1,0.0622,1,0
312.0,6,1,1,732.0,1,0,0.0711,1,1
580.0,1,2,0,1307.0,0,1,0.0216,1,0
826.0,5,2,2,9.0,1,0,0.1871,1,1
50.0,1,1,0,712.0,0,1,0.1676,1,0
320.0,2,3,9,81.0,0,0,0.2923,1,1
286.0,4,2,6,313.0,0,1,0.1702,1,1
553.0,5,2,2,68.0,0,0,0.306,1,1
186.0,3,2,1,128.0,0,0,0.321,1,1
1079.0,0,0,0,5931.0,0,1,0.0502,0,0
149.0,2,1,0,320.0,0,1,0.1411,1,0
765.0,7,1,2,132.0,1,0,0.0737,1,1
995.0,0,0,0,582.0,0,1,0.1422,0,0
1449.0,0,0,0,136.0,0,1,0.071,0,0
739.0,3,0,4,73.0,1,0,0.2744,1,1
414.0,6,1,1,67.0,1,0,0.2916,1,1
208.0,3,2,2,42.0,1,1,0.3381,1,1
50.0,0,1,1,4154.0,0,1,0.0515,0,0
796.0,3,3,2,322.0,1,0,0.1776,1,1
798.0,1,1,2,2494.0,0,1,0.0704,1,0
482.0,4,1,4,583.0,1,0,0.2543,1,1
319.0,3,0,0,457.0,0,1,0.1207,1,0
165.0,3,3,2,17.0,0,0,0.1563,1,1
197.0,4,3,1,169.0,0,0,0.2345,1,1
946.0,0,0,0,723.0,0,0,0.0357,0,0
561.0,3,1,6,50.0,1,0,0.1627,1,1
802.0,1,0,0,267.0,0,1,0.01,1,0
819.0,1,3,5,123.0,0,0,0.2669,1,1
533.0,2,0,3,28.0,1,0,0.5419,1,1
586.0,0,0,1,2317.0,0,1,0.0372,0,0
480.0,3,2,0,199.0,0,1,0.2279,1,1
505.0,5,0,7,9.0,1,0,0.2514,1,1
387.0,0,0,0,7300.0,0,1,0.1547,0,0
1302.0,0,0,1,5078.0,0,1,0.0725,0,0
594.0,6,0,4,41.0,0,1,0.375,1,1
526.0,4,4,4,52.0,1,0,0.264,1,1
615.0,5,1,7,191.0,1,0,0.2568,1,1
636.0,2,3,5,192.0,1,1,0.1285,1,1
1112.0,1,0,0,2051.0,0,1,0.0319,1,0
341.0,3,2,9,135.0,0,0,0.1874,1,1
1044.0,1,2,0,964.0,0,1,0.0732,1,0
808.0,1,0,0,583.0,0,1,0.0247,1,0
259.0,1,0,2,4358.0,0,1,0.0851,1,0
857.0,0,0,0,634.0,0,1,0.0629,0,0
1568.0,2,0,0,1006.0,0,1,0.0761,1,0
972.0,3,0,0,1995.0,0,1,0.0363,1,0
786.0,2,3,5,388.0,0,0,0.1212,1,1
1176.0,0,0,0,3332.0,0,1,0.0501,0,0
873.0,1,0,0,2064.0,0,1,0.0822,1,0
873.0,0,0,0,871.0,0,1,0.0296,0,0
417.0,2,0,0,2395.0,0,1,0.0697,1,0
881.0,0,0,0,679.0,0,1,0.0256,0,0
1162.0,0,0,0,2770.0,0,1,0.0231,0,0
507.0,0,1,0,221.0,0,1,0.1675,0,0
989.0,5,1,4,178.0,1,0,0.2189,1,1
767.0,1,0,0,635.0,0,0,0.0283,1,0
489.0,1,0,0,3143.0,0,1,0.0224,1,0
1149.0,1,0,0,2605.0,1,1,0.1123,1,0
636.0,6,2,6,403.0,1,0,0.1651,1,1
1065.0,0,1,1,1987.0,0,1,0.0585,0,0
697.0,0,1,1,2945.0,0,1,0.0736,0,0
779.0,0,1,0,1129.0,0,1,0.0155,0,0
972.0,0,0,1,2130.0,0,1,0.0165,0,0
901.0,0,0,1,146.0,0,1,0.0935,0,0
101.0,0,1,0,3917.0,0,1,0.1591,0,0
407.0,1,0,0,2168.0,0,0,0.0251,1,0
1125.0,1,0,0,3709.0,0,1,0.1053,1,0
753.0,2,1,1,2742.0,0,1,0.1212,1,0
435.0,5,1,4,89.0,0,0,0.1653,1,1
416.0,5,2,4,587.0,1,0,0.2316,1,1
577.0,5,1,4,7.0,0,0,0.141,1,1
659.0,6,3,7,308.0,0,0,0.2569,1,1
764.0,0,1,2,301.0,0,1,0.0234,0,0
590.0,1,0,0,117.0,0,1,0.0639,1,0
461.0,0,0,0,727.0,0,1,0.0899,0,0
776.0,0,0,0,278.0,0,1,0.0332,0,0
273.0,1,1,4,85.0,1,1,0.2814,1,1
1532.0,0,0,0,1282.0,0,1,0.0489,0,0
703.0,3,1,3,583.0,1,0,0.2855,1,1
1205.0,1,2,0,1748.0,0,1,0.0719,1,0
1053.0,5,3,5,30.0,0,0,0.1435,1,1
527.0,1,1,1,2421.0,0,1,0.1013,1,0
871.0,0,1,0,1342.0,0,1,0.0336,0,0
639.0,1,0,0,101.0,0,1,0.1728,1,0
864.0,0,0,1,782.0,0,1,0.065,0,0
1328.0,1,0,0,583.0,0,1,0.0681,1,0
1011.0,0,1,0,465.0,0,1,0.0156,0,0
505.0,5,1,5,382.0,0,0,0.4448,1,1
649.0,0,0,0,4174.0,0,1,0.059,0,0
280.0,2,1,0,2801.0,0,1,0.0873,1,0
727.0,0,0,0,237.0,0,1,0.0565,0,0
496.0,4,2,3,266.0,0,0,0.1927,1,1
265.0,1,0,0,727.0,0,0,0.0236,1,0
430.0,3,0,0,356.0,0,1,0.0562,1,0
844.0,0,0,0,7300.0,0,1,0.0968,0,0
455.0,3,0,0,376.0,1,1,0.0499,1,0
76.0,4,1,3,580.0,1,0,0.1921,1,1
651.0,0,0,0,3908.0,0,1,0.0398,0,0
322.0,1,0,0,370.0,0,1,0.1204,1,0
304.0,7,2,2,147.0,1,1,0.2922,1,1
1046.0,0,0,0,6780.0,0,1,0.0918,0,0
342.0,1,1,0,601.0,0,1,0.1245,1,0
240.0,1,1,2,2275.0,0,1,0.0273,1,0
574.0,3,2,4,11.0,0,1,0.2446,1,1
1056.0,2,0,0,1743.0,0,1,0.0807,1,0
840.0,7,1,6,63.0,0,0,0.3646,1,1
637.0,0,1,0,2254.0,0,1,0.125,0,0
815.0,0,0,0,1110.0,0,1,0.0548,0,0
189.0,0,0,1,729.0,0,1,0.0805,0,0
514.0,3,1,6,247.0,1,0,0.2737,1,1
934.0,0,0,0,360.0,0,1,0.032,0,0
505.0,1,2,3,52.0,1,0,0.4027,1,1
513.0,1,2,6,42.0,1,1,0.3524,1,1
405.0,3,0,0,1507.0,0,1,0.0723,1,0
1194.0,1,0,0,913.0,0,1,0.0727,1,0
854.0,0,1,1,4531.0,0,1,0.0542,0,0
682.0,1,1,0,1901.0,0,1,0.0625,1,0
658.0,2,2,4,50.0,0,0,0.3037,1,1
667.0,5,1,7,74.0,0,0,0.2962,1,1
1227.0,1,0,1,1904.0,0,1,0.01,1,0
423.0,1,0,1,334.0,0,1,0.0302,1,0
691.0,4,1,2,35.0,0,0,0.2409,1,1
1162.0,0,0,2,5098.0,0,1,0.01,0,0
467.0,3,3,3,24.0,0,1,0.1737,1,1
1115.0,2,1,0,2050.0,0,1,0.0466,1,0
522.0,5,1,4,52.0,1,0,0.3159,1,1
659.0,1,0,0,1553.0,0,1,0.1068,1,0
1038.0,2,2,0,563.0,0,0,0.031,1,0
396.0,0,1,0,360.0,0,1,0.1314,0,0
1064.0,1,0,0,2763.0,0,1,0.1442,1,0
869.0,0,0,1,3074.0,1,0,0.0442,0,0
527.0,3,1,1,84.0,1,0,0.2528,1,1
298.0,7,0,6,2.0,1,1,0.4741,1,1
218.0,0,1,0,693.0,0,1,0.1,0,0
976.0,1,1,0,896.0,0,1,0.0567,1,0
77.0,1,0,0,2203.0,0,1,0.0572,1,0
688.0,2,1,1,2625.0,0,1,0.0634,1,0
1129.0,0,3,0,1869.0,0,0,0.0291,0,0
867.0,0,1,0,2891.0,0,1,0.2445,0,0
1481.0,0,0,0,1093.0,0,1,0.0419,0,0
1158.0,0,1,0,1494.0,0,0,0.0233,0,0
571.0,2,0,0,209.0,0,1,0.0897,1,0
809.0,1,1,0,1092.0,0,1,0.1065,1,0
283.0,4,2,2,64.0,1,1,0.1541,1,1
246.0,0,0,0,1791.0,0,1,0.1466,0,0
336.0,2,1,1,63.0,0,1,0.3094,1,1
603.0,2,0,0,580.0,0,1,0.0454,1,0
87.0,0,0,0,578.0,1,1,0.0705,0,0
412.0,3,2,3,409.0,1,0,0.3736,1,1
559.0,4,3,8,265.0,0,1,0.1933,1,1
599.0,4,2,9,17.0,1,0,0.1379,1,1
941.0,1,1,1,1648.0,0,0,0.0351,1,0
1050.0,0,1,0,1452.0,1,1,0.1398,0,0
214.0,4,1,6,551.0,1,0,0.3462,1,1
686.0,4,0,0,2725.0,0,1,0.0176,1,0
1007.0,0,0,2,4682.0,0,1,0.0224,0,0
1038.0,0,0,0,1133.0,0,0,0.0575,0,0
907.0,0,1,0,1036.0,0,1,0.0918,0,0
512.0,4,2,4,16.0,1,0,0.3464,1,1
896.0,2,0,2,2089.0,0,1,0.0497,1,0
1218.0,0,1,0,1559.0,0,1,0.1463,0,0
591.0,1,1,1,7300.0,0,1,0.1133,1,0
1534.0,1,0,1,1670.0,0,1,0.0295,1,0
616.0,0,0,0,702.0,0,1,0.0951,0,0
811.0,2,0,0,1579.0,0,1,0.0476,1,0
564.0,1,0,0,7300.0,0,1,0.0953,1,0
639.0,4,2,4,101.0,0,1,0.3443,1,1
190.0,1,0,2,337.0,0,1,0.01,1,0
608.0,1,0,0,846.0,0,1,0.0148,1,0
1110.0,6,1,3,85.0,0,0,0.438,1,1
281.0,6,2,1,174.0,1,0,0.1371,1,1
1148.0,2,0,1,1790.0,0,1,0.0184,1,0
1026.0,1,0,0,3080.0,0,1,0.2292,1,0
50.0,2,0,1,438.0,0,1,0.0145,1,0
551.0,6,1,6,140.0,0,0,0.3093,1,1
351.0,4,1,5,305.0,0,0,0.4416,1,1
567.0,4,2,6,4.0,0,0,0.2239,1,1
854.0,1,0,0,115.0,0,1,0.084,1,0
427.0,4,0,8,607.0,1,1,0.1232,1,1
566.0,0,1,1,5987.0,0,1,0.1523,0,0
869.0,1,1,1,237.0,0,1,0.0124,1,0
587.0,1,0,1,372.0,0,1,0.1004,1,0
584.0,4,0,3,309.0,1,1,0.1505,1,1
559.0,1,0,0,2319.0,0,1,0.016,1,0
115.0,2,3,2,108.0,1,0,0.4532,1,1
851.0,1,2,0,218.0,0,1,0.0852,1,0
1004.0,2,0,0,2857.0,0,1,0.2144,1,0
980.0,1,1,0,1311.0,0,1,0.0155,1,0
1086.0,2,0,1,792.0,0,1,0.0546,1,0
217.0,5,2,6,81.0,0,0,0.1478,1,1
613.0,2,0,2,1356.0,0,1,0.0147,1,0
54.0,3,0,5,94.0,0,0,0.2224,1,1
359.0,5,2,0,176.0,1,0,0.3031,1,1
772.0,2,0,7,305.0,1,1,0.2872,1,1
462.0,1,1,0,2712.0,0,1,0.0583,1,0
1178.0,3,0,1,2442.0,0,1,0.0972,1,0
1129.0,2,0,0,2642.0,0,1,0.0353,1,0
152.0,2,1,3,3.0,1,1,0.3288,1,1
232.0,5,2,5,256.0,0,0,0.2843,1,1
492.0,1,1,0,1557.0,0,1,0.0273,1,0
221.0,5,2,6,20.0,0,0,0.2671,1,1
756.0,1,0,1,2264.0,0,1,0.0552,1,0
1096.0,2,0,1,416.0,0,1,0.0525,1,0
759.0,1,0,0,2790.0,0,1,0.0443,1,0
418.0,4,1,3,66.0,0,0,0.2027,1,1
989.0,0,1,0,583.0,1,1,0.0944,0,0
652.0,3,2,7,10.0,0,1,0.3355,1,1
553.0,1,1,3,297.0,1,0,0.1709,1,1
604.0,1,0,2,61.0,0,1,0.1809,1,1
429.0,0,0,0,1566.0,0,1,0.0238,0,0
50.0,0,0,0,583.0,0,1,0.0152,0,0
870.0,1,0,0,367.0,0,1,0.0527,1,0
1013.0,1,0,0,3074.0,0,0,0.1412,1,0
891.0,0,0,0,622.0,0,1,0.0435,0,0
658.0,0,2,7,583.0,0,1,0.2422,0,1
677.0,2,0,1,1708.0,0,1,0.0237,1,0
50.0,1,1,0,1999.0,0,1,0.0566,1,0
1279.0,1,0,1,182.0,0,1,0.0724,1,0
419.0,1,0,0,2527.0,0,1,0.0853,1,0
1239.0,1,0,0,2944.0,0,0,0.2281,1,0
1131.0,2,0,0,1249.0,0,1,0.0296,1,0
410.0,4,1,1,122.0,0,1,0.1391,1,1
403.0,0,0,0,844.0,0,1,0.1737,0,0
280.0,3,1,8,83.0,0,0,0.2369,1,1
511.0,0,1,4,85.0,0,1,0.3333,0,1
658.0,0,0,0,2248.0,0,1,0.1359,0,0
153.0,5,3,8,219.0,1,0,0.2037,1,1
176.0,1,1,1,862.0,0,1,0.1338,1,0
776.0,4,4,4,206.0,0,1,0.1772,1,1
879.0,0,2,0,2175.0,0,1,0.027,0,0
779.0,4,2,4,221.0,0,1,0.2119,1,1
438.0,3,1,5,156.0,1,0,0.3965,1,1
666.0,9,2,3,140.0,0,1,0.1494,1,1
50.0,2,1,4,92.0,0,0,0.1682,1,1
704.0,1,0,0,276.0,0,1,0.0917,1,0
680.0,1,1,1,1380.0,0,1,0.0542,1,0
975.0,0,0,0,427.0,0,1,0.1249,0,0
325.0,3,0,0,226.0,0,1,0.1411,1,0
543.0,6,3,3,583.0,0,0,0.3866,1,1
993.0,1,0,0,5534.0,0,1,0.034,1,0
577.0,2,2,1,248.0,1,0,0.2223,1,1
122.0,1,0,0,2898.0,0,0,0.0799,1,0
272.0,2,1,1,304.0,0,1,0.2401,1,1
492.0,0,0,2,1215.0,0,0,0.0718,0,0
657.0,5,3,4,267.0,0,1,0.2222,1,1
694.0,2,2,3,22.0,1,0,0.0358,1,1
1323.0,0,0,0,363.0,0,0,0.0174,0,0
626.0,1,0,0,2959.0,0,1,0.0537,1,0
695.0,2,2,2,43.0,1,0,0.2614,1,1
1202.0,1,1,1,2218.0,0,0,0.0515,1,0
903.0,0,0,0,1482.0,0,1,0.0791,0,0
1243.0,0,0,0,993.0,0,1,0.0629,0,0
901.0,1,1,0,327.0,0,1,0.0325,1,0
395.0,1,1,0,820.0,0,1,0.01,1,0
333.0,2,1,0,3390.0,0,1,0.0382,1,0
256.0,0,0,0,3092.0,0,1,0.0894,0,0
1031.0,1,0,2,141.0,0,1,0.0622,1,0
341.0,5,2,2,6.0,0,0,0.3488,1,1
1447.0,1,0,0,2628.0,0,1,0.097,1,0
658.0,1,4,5,205.0,1,0,0.2569,1,1
1206.0,1,0,1,1947.0,0,1,0.0447,1,0
596.0,1,0,0,1578.0,0,1,0.1125,1,0
395.0,2,2,0,1990.0,0,1,0.01,1,0
1097.0,1,1,0,189.0,0,1,0.113,1,0
946.0,0,0,1,4905.0,0,1,0.0541,0,0
837.0,1,0,1,128.0,0,1,0.0683,1,0
935.0,1,1,0,104.0,0,1,0.1133,1,0
913.0,1,0,1,551.0,0,1,0.0262,1,0
621.0,1,2,6,352.0,1,0,0.5218,1,1
1253.0,1,0,1,225.0,0,1,0.0672,1,0
990.0,1,0,0,3825.0,0,1,0.047,1,0
497.0,3,3,6,10.0,1,0,0.4485,1,1
979.0,0,0,0,297.0,0,0,0.0362,0,0
638.0,1,0,0,2807.0,0,1,0.111,1,0
639.0,4,1,3,50.0,1,0,0.1719,1,1
311.0,1,1,0,2917.0,0,1,0.0402,1,0
102.0,8,4,4,37.0,1,0,0.345,1,1
275.0,0,3,7,82.0,0,0,0.2057,0,1
900.0,0,0,0,224.0,0,0,0.1078,0,0
504.0,1,1,1,843.0,0,1,0.0233,1,0
993.0,0,1,1,1209.0,0,1,0.0757,0,0
788.0,3,0,0,216.0,0,1,0.1733,1,0
241.0,2,0,0,1650.0,0,1,0.0552,1,0
528.0,6,3,10,89.0,0,0,0.2069,1,1
597.0,1,0,0,583.0,0,1,0.0883,1,0
1108.0,1,0,0,1839.0,0,1,0.0694,1,0
607.0,2,3,5,106.0,1,0,0.3167,1,1
746.0,3,1,5,13.0,1,1,0.504,1,1
464.0,1,0,0,824.0,0,1,0.0941,1,0
593.0,3,2,2,1460.0,0,1,0.0224,1,0
639.0,0,0,1,192.0,0,1,0.0377,0,0
1099.0,1,1,1,791.0,0,1,0.0866,1,0
1387.0,0,0,0,1441.0,0,1,0.0586,0,0
518.0,1,2,1,2271.0,0,1,0.0493,1,0
296.0,2,0,6,192.0,0,1,0.3745,1,1
50.0,1,2,0,2961.0,0,1,0.0158,1,0
382.0,0,0,1,4237.0,0,1,0.0857,0,0
464.0,0,0,0,683.0,0,1,0.0826,0,0
326.0,3,0,0,2699.0,0,1,0.1625,1,0
442.0,4,1,5,63.0,1,0,0.3633,1,1
637.0,3,2,2,9.0,0,0,0.1944,1,1
761.0,3,0,3,200.0,0,1,0.2689,1,1
932.0,0,0,0,969.0,0,1,0.0498,0,0
1041.0,3,1,0,137.0,0,1,0.0462,1,0
892.0,0,0,0,1487.0,0,1,0.1153,0,0
1030.0,0,1,0,3442.0,0,1,0.0932,0,0
775.0,0,0,0,296.0,0,0,0.0381,0,0
416.0,5,2,5,79.0,1,1,0.1886,1,1
1170.0,0,0,0,3070.0,0,1,0.036,0,0
593.0,1,0,0,649.0,0,1,0.0123,1,0
472.0,2,0,0,905.0,0,1,0.0711,1,0
737.0,2,1,1,253.0,0,1,0.1049,1,0
480.0,1,1,1,272.0,0,1,0.0784,1,0
318.0,3,1,1,73.0,0,0,0.444,1,1
317.0,7,1,4,162.0,1,1,0.2739,1,1
946.0,3,3,3,50.0,1,0,0.1393,1,1
485.0,1,1,1,1175.0,0,0,0.1115,1,0
629.0,1,0,0,974.0,0,1,0.0978,1,0
1176.0,0,0,0,2227.0,0,1,0.0177,0,0
973.0,0,1,0,3656.0,0,1,0.01,0,0
270.0,1,2,6,2.0,1,1,0.2699,1,1
1213.0,1,1,1,97.0,0,1,0.0477,1,0
1200.0,0,0,0,278.0,0,1,0.01,0,0
314.0,1,2,0,1099.0,0,1,0.1345,1,0
1067.0,0,1,0,3526.0,0,1,0.0383,0,0
122.0,1,0,6,150.0,0,1,0.1807,1,1
607.0,0,0,0,3890.0,0,1,0.0877,0,0
858.0,0,0,0,299.0,0,1,0.0426,0,0
1130.0,5,1,1,225.0,0,1,0.0274,1,0
975.0,0,0,0,4494.0,0,1,0.01,0,0
652.0,6,2,4,494.0,0,0,0.1229,1,1
408.0,3,3,4,179.0,1,0,0.099,1,1
916.0,1,1,4,84.0,1,0,0.2281,1,1
138.0,4,1,0,5.0,1,0,0.1326,1,1
693.0,0,0,0,1889.0,0,1,0.08,0,0
461.0,6,3,6,66.0,1,1,0.3311,1,1
1068.0,2,1,0,2021.0,0,1,0.01,1,0
435.0,0,0,1,875.0,0,0,0.0325,0,0
439.0,5,1,6,64.0,0,0,0.3646,1,1
162.0,2,1,1,368.0,0,1,0.0995,1,0
688.0,4,2,3,195.0,1,0,0.1044,1,1
929.0,0,0,1,1230.0,0,0,0.0313,0,0
1004.0,1,0,0,893.0,0,1,0.0498,1,0
341.0,3,1,7,277.0,0,1,0.1747,1,1
324.0,4,2,7,36.0,1,1,0.1439,1,1
943.0,0,1,0,1459.0,0,1,0.0455,0,0
719.0,0,1,0,3558.0,0,1,0.0661,0,0
1287.0,0,1,1,495.0,0,1,0.0398,0,0
1093.0,1,2,1,643.0,0,1,0.0739,1,0
1105.0,2,1,0,2035.0,0,1,0.0714,1,0
372.0,3,0,3,60.0,0,1,0.4194,1,1
772.0,0,0,2,689.0,0,0,0.1384,0,0
582.0,4,2,5,60.0,0,0,0.4019,1,1
448.0,0,0,1,2514.0,0,1,0.0885,0,0
926.0,3,0,0,694.0,0,1,0.0205,1,0
520.0,6,3,4,100.0,1,0,0.4369,1,1
1029.0,2,0,1,401.0,0,1,0.0929,1,0
425.0,1,0,0,1043.0,0,1,0.0816,1,0
1401.0,1,1,0,2190.0,0,1,0.1421,1,0
149.0,5,1,6,10.0,1,0,0.1581,1,1
699.0,5,2,8,252.0,1,0,0.3606,1,1
1077.0,1,0,1,1028.0,0,1,0.01,1,0
600.0,1,0,0,702.0,0,1,0.0575,1,0
1098.0,0,0,0,282.0,0,1,0.0405,0,0
683.0,2,1,5,559.0,1,0,0.2336,1,1
487.0,6,1,3,4.0,0,0,0.3088,1,1
804.0,3,0,2,5455.0,0,1,0.0822,1,0
591.0,0,0,0,2584.0,0,1,0.0641,0,0
695.0,2,1,0,5146.0,0,1,0.0244,1,0
343.0,4,2,1,3.0,1,0,0.2229,1,1
305.0,3,1,4,141.0,0,1,0.2709,1,1
537.0,1,0,0,246.0,0,1,0.0608,1,0
722.0,2,0,0,138.0,0,1,0.1534,1,0
388.0,0,0,0,1220.0,0,0,0.1046,0,0
729.0,2,1,7,182.0,0,0,0.1434,1,1
601.0,0,1,0,208.0,0,1,0.0425,0,0
773.0,1,0,6,2.0,1,0,0.1145,1,1
873.0,0,0,0,260.0,0,1,0.0729,0,0
455.0,0,0,0,899.0,0,1,0.1549,0,0
797.0,0,0,0,1238.0,0,1,0.01,0,0
1074.0,1,1,0,831.0,0,1,0.0504,1,0
734.0,1,1,0,1635.0,0,1,0.01,1,0
531.0,0,3,6,67.0,1,1,0.15,0,1
1157.0,1,0,1,818.0,0,1,0.0344,1,0
1121.0,0,1,0,978.0,0,1,0.0619,0,0
639.0,0,0,0,1137.0,1,1,0.0426,0,0
365.0,5,1,4,243.0,1,0,0.3177,1,1
248.0,2,1,2,30.0,1,1,0.1866,1,1
868.0,2,0,1,361.0,0,1,0.0659,1,0
457.0,1,0,7,112.0,1,1,0.3884,1,1
658.0,1,0,0,814.0,0,1,0.0269,1,0
797.0,1,0,0,2406.0,0,1,0.1815,1,0
1060.0,2,3,7,13.0,1,0,0.0621,1,1
733.0,3,2,6,676.0,1,0,0.3214,1,1
735.0,1,3,4,186.0,0,0,0.4326,1,1
947.0,1,0,1,623.0,0,1,0.0651,1,0
1258.0,0,1,0,1765.0,1,1,0.1843,0,0
50.0,4,1,5,120.0,1,0,0.2971,1,1
1128.0,0,0,0,2904.0,0,1,0.1112,0,0
1372.0,0,1,0,2326.0,0,1,0.1755,0,0
1259.0,1,1,0,2948.0,0,1,0.0211,1,0
417.0,1,0,0,1112.0,0,1,0.0192,1,0
711.0,0,0,0,1557.0,0,1,0.0424,0,0
471.0,3,1,2,5.0,0,1,0.1876,1,1
971.0,1,1,1,2184.0,0,1,0.082,1,0
1040.0,1,0,1,1290.0,0,1,0.0507,1,0
506.0,1,0,0,1371.0,0,1,0.0344,1,0
268.0,2,2,4,263.0,0,0,0.3207,1,1
93.0,0,0,0,2753.0,0,1,0.0196,0,0
1304.0,0,1,1,1469.0,0,1,0.1363,0,0
200.0,3,2,3,323.0,1,1,0.3126,1,1
284.0,5,2,1,395.0,1,1,0.1427,1,1
444.0,2,0,6,66.0,1,0,0.1859,1,1
256.0,1,1,3,105.0,0,1,0.3806,1,1
50.0,1,0,0,1958.0,0,1,0.0422,1,0
428.0,2,4,6,31.0,1,0,0.4635,1,1
762.0,1,0,0,6475.0,0,1,0.0323,1,0
730.0,1,3,1,85.0,1,1,0.2041,1,1
220.0,6,2,2,17.0,1,0,0.1689,1,1
572.0,3,3,6,49.0,1,0,0.3618,1,1
476.0,6,1,3,120.0,1,0,0.4081,1,1
924.0,0,0,0,7300.0,0,1,0.037,0,0
1241.0,1,0,1,1930.0,0,1,0.1114,1,0
673.0,4,2,9,66.0,0,0,0.4057,1,1
271.0,2,1,5,16.0,1,0,0.1542,1,1
1183.0,0,1,0,3451.0,0,0,0.109,0,0
948.0,0,0,1,5127.0,0,1,0.027,0,0
259.0,3,1,0,1179.0,0,1,0.0616,1,0
608.0,4,2,5,68.0,1,0,0.1894,1,1
541.0,3,2,8,4.0,0,0,0.2682,1,1
1093.0,1,0,0,686.0,0,1,0.0383,1,0
562.0,0,0,0,1313.0,0,1,0.0505,0,0
453.0,1,0,5,81.0,1,0,0.2686,1,1
658.0,4,2,6,563.0,1,0,0.1816,1,1
372.0,1,1,1,1830.0,0,1,0.1086,1,0
93.0,1,1,0,2016.0,0,1,0.01,1,0
50.0,0,1,1,391.0,0,1,0.1694,0,0
1084.0,0,2,0,3047.0,0,1,0.0625,0,0
845.0,1,0,2,1048.0,0,1,0.0877,1,0
161.0,5,0,2,107.0,1,0,0.4074,1,1
658.0,1,3,5,11.0,1,0,0.2657,1,1
1023.0,3,1,0,1041.0,0,1,0.046,1,0
474.0,3,2,2,84.0,1,0,0.1361,1,1
312.0,0,0,0,1513.0,0,1,0.0938,0,0
787.0,0,0,0,856.0,0,1,0.04,0,0
234.0,0,2,0,1114.0,0,1,0.0342,0,0
719.0,1,1,0,296.0,0,1,0.0136,1,0
582.0,2,2,5,151.0,0,0,0.2569,1,1
360.0,2,0,5,84.0,0,0,0.2281,1,1
815.0,1,0,0,245.0,0,1,0.0683,1,0
1018.0,1,0,1,2899.0,0,1,0.1501,1,0
683.0,4,3,2,368.0,1,0,0.2156,1,1
1554.0,0,0,0,1736.0,0,1,0.1071,0,0
689.0,0,0,0,2273.0,0,1,0.01,0,0
252.0,4,2,1,94.0,0,1,0.163,1,1
886.0,0,1,0,343.0,0,1,0.0423,0,0
519.0,1,2,0,307.0,0,1,0.1119,1,0
1318.0,1,0,1,7300.0,0,1,0.1026,1,0
673.0,4,1,4,142.0,1,0,0.2937,1,1
602.0,1,0,1,764.0,1,1,0.1999,1,0
635.0,0,1,0,825.0,0,1,0.1794,0,0
91.0,3,3,2,44.0,0,1,0.1563,1,1
744.0,0,0,0,1191.0,0,1,0.0885,0,0
864.0,6,1,8,45.0,0,0,0.1768,1,1
1382.0,0,1,0,195.0,0,1,0.0252,0,0
314.0,3,1,6,12.0,0,1,0.2409,1,1
812.0,0,0,0,4034.0,0,1,0.0211,0,0
1028.0,0,0,1,505.0,0,1,0.0655,0,0
229.0,1,0,0,207.0,0,1,0.1319,1,0
968.0,0,0,0,317.0,0,1,0.113,0,0
307.0,3,1,4,63.0,1,0,0.2057,1,1
376.0,3,2,6,118.0,1,0,0.196,1,1
463.0,0,0,3,227.0,0,1,0.0291,0,0
1042.0,0,0,0,1182.0,0,1,0.0893,0,0
816.0,4,3,4,96.0,1,1,0.1629,1,1
646.0,4,1,3,105.0,1,0,0.331,1,1
887.0,0,0,0,2020.0,0,1,0.0532,0,0
719.0,0,1,1,1619.0,0,1,0.1314,0,0
598.0,1,1,0,3241.0,0,1,0.0993,1,0
479.0,2,0,6,15.0,0,0,0.2527,1,1
555.0,3,0,0,352.0,0,1,0.0189,1,0
437.0,0,1,0,893.0,0,1,0.0329,0,0
1032.0,0,1,0,2804.0,0,1,0.0445,0,0
602.0,2,3,6,326.0,0,0,0.2709,1,1
467.0,0,1,1,619.0,0,1,0.0604,0,0
294.0,0,0,0,377.0,0,1,0.0826,0,0
630.0,0,1,0,7300.0,0,1,0.0253,0,0
771.0,1,0,0,6247.0,0,0,0.0284,1,0
885.0,0,0,1,2021.0,0,0,0.0489,0,0
1132.0,1,0,0,525.0,1,1,0.0972,1,0
984.0,1,0,1,2708.0,0,1,0.0582,1,0
733.0,2,0,0,1668.0,0,1,0.0413,1,0
730.0,2,0,0,2582.0,0,1,0.0367,1,0
621.0,3,3,6,59.0,0,1,0.1854,1,1
937.0,3,2,1,25.0,0,0,0.3722,1,1
844.0,0,0,0,4499.0,0,1,0.0164,0,0
497.0,1,3,2,583.0,1,1,0.2181,1,1
452.0,1,0,0,1515.0,0,1,0.0494,1,0
294.0,0,0,0,2166.0,0,1,0.034,0,0
1033.0,0,0,0,1042.0,0,1,0.0801,0,0
1002.0,1,0,0,2006.0,0,1,0.0454,1,0
392.0,4,1,3,208.0,1,0,0.0873,1,1
381.0,4,0,5,108.0,1,0,0.1837,1,1
614.0,3,1,5,41.0,0,0,0.3685,1,1
630.0,0,0,0,1988.0,0,1,0.0674,0,0
1134.0,1,0,1,5738.0,0,0,0.0682,1,0
786.0,2,0,0,495.0,0,1,0.186,1,0
587.0,1,0,1,987.0,0,1,0.0729,1,0
1007.0,3,1,0,3039.0,0,1,0.0132,1,0
943.0,0,0,0,326.0,0,0,0.0317,0,0
924.0,0,0,0,7300.0,0,1,0.1143,0,0
828.0,1,0,0,2130.0,0,1,0.0344,1,0
532.0,4,3,2,63.0,1,0,0.1398,1,1
806.0,4,2,2,342.0,1,0,0.2691,1,1
658.0,5,2,1,213.0,0,0,0.3059,1,1
1052.0,0,1,1,150.0,1,1,0.0607,0,0
839.0,0,0,0,1029.0,0,1,0.0514,0,0
1152.0,0,1,0,495.0,0,1,0.0429,0,0
692.0,2,3,3,180.0,0,1,0.2263,1,1
809.0,0,1,0,2142.0,0,1,0.0924,0,0
693.0,1,1,1,293.0,0,1,0.1125,1,0
682.0,6,1,5,52.0,1,1,0.149,1,1
50.0,2,0,0,219.0,0,1,0.0401,1,0
873.0,1,0,0,2514.0,0,1,0.337,1,0
629.0,1,0,1,1065.0,0,0,0.0274,1,0
1357.0,0,0,1,570.0,0,1,0.0205,0,0
806.0,2,1,0,1402.0,0,1,0.0833,1,0
383.0,0,0,1,167.0,0,1,0.0779,0,0
782.0,0,0,0,625.0,0,1,0.0197,0,0
433.0,0,1,0,436.0,0,1,0.0303,0,0
352.0,5,3,1,100.0,0,0,0.0924,1,1
901.0,0,0,1,942.0,1,1,0.0698,0,0
1135.0,0,1,2,1670.0,0,1,0.0429,0,0
523.0,0,1,1,1348.0,0,1,0.0405,0,0
262.0,1,3,4,200.0,0,0,0.4034,1,1
322.0,0,0,1,679.0,0,1,0.1236,0,0
1045.0,0,1,0,321.0,0,1,0.0978,0,0
526.0,2,0,6,49.0,0,0,0.2284,1,1
477.0,5,3,8,27.0,1,0,0.3815,1,1
800.0,0,0,0,1276.0,0,1,0.0908,0,0
774.0,1,2,2,16.0,0,0,0.1656,1,1
1361.0,2,2,0,1114.0,0,1,0.0176,1,0
700.0,0,1,1,143.0,0,1,0.0111,0,0
848.0,0,2,0,1867.0,0,1,0.1,0,0
419.0,1,0,0,3879.0,0,1,0.0978,1,0
1223.0,3,2,7,37.0,1,0,0.4851,1,1
834.0,0,1,1,532.0,0,1,0.039,0,0
658.0,0,1,0,778.0,0,1,0.185,0,0
247.0,4,1,4,38.0,1,1,0.2361,1,1
66.0,3,3,4,144.0,1,0,0.3384,1,1
657.0,0,0,0,292.0,0,1,0.0606,0,0
612.0,0,0,0,583.0,0,1,0.1194,0,0
903.0,0,0,0,2326.0,0,1,0.1176,0,0
726.0,4,4,4,81.0,1,0,0.399,1,1
530.0,7,2,5,36.0,0,0,0.3254,1,1
408.0,5,1,6,107.0,1,1,0.3334,1,1
1052.0,0,1,0,3142.0,0,1,0.0344,0,0
355.0,1,1,0,3832.0,0,1,0.048,1,0
1034.0,0,3,0,161.0,0,1,0.1131,0,0
1035.0,1,0,1,1992.0,0,1,0.0553,1,0
934.0,1,0,0,1595.0,0,1,0.0234,1,0
50.0,5,2,2,92.0,1,0,0.2261,1,1
887.0,0,0,0,1353.0,0,1,0.0348,0,0
385.0,0,0,0,2951.0,0,1,0.0603,0,0
245.0,5,2,2,363.0,0,1,0.061,1,1
1160.0,2,0,1,3268.0,0,1,0.1759,1,0
654.0,4,1,5,85.0,0,0,0.353,1,1
805.0,1,0,0,1280.0,0,1,0.01,1,0
458.0,1,0,0,2201.0,0,1,0.063,1,0
1025.0,1,1,0,1056.0,0,1,0.1135,1,0
806.0,1,0,3,894.0,0,1,0.106,1,0
232.0,2,3,3,49.0,0,0,0.4033,1,1
1073.0,2,0,1,4330.0,0,1,0.0179,1,0
791.0,2,1,0,2153.0,0,1,0.0858,1,0
1220.0,1,0,2,3364.0,0,1,0.0385,1,0
416.0,1,0,0,894.0,0,1,0.0446,1,0
658.0,5,0,4,229.0,1,0,0.236,1,1
897.0,3,1,1,3186.0,0,1,0.0355,1,0
782.0,2,2,8,265.0,0,1,0.336,1,1
657.0,3,1,4,32.0,0,0,0.1817,1,1
457.0,1,1,0,874.0,0,1,0.0303,1,0
259.0,3,1,4,41.0,1,0,0.1574,1,1
693.0,3,0,1,392.0,0,1,0.1362,1,0
1055.0,1,0,1,849.0,0,1,0.1273,1,0
572.0,2,0,0,4994.0,0,1,0.0721,1,0
340.0,1,1,5,21.0,1,1,0.3781,1,1
60.0,3,1,4,203.0,0,1,0.2476,1,1
707.0,1,0,0,2317.0,0,1,0.0537,1,0
966.0,2,2,5,128.0,0,0,0.2695,1,1
759.0,1,0,0,2603.0,0,1,0.0942,1,0
892.0,0,0,0,1252.0,0,1,0.1441,0,0
747.0,0,1,1,2397.0,0,1,0.1036,0,0
706.0,5,3,4,117.0,0,0,0.1659,1,1
970.0,1,1,0,566.0,0,1,0.0448,1,0
117.0,2,0,0,3329.0,0,1,0.0417,1,0
82.0,3,1,2,1618.0,0,1,0.131,1,0
1058.0,0,0,0,2850.0,0,0,0.0463,0,0
977.0,0,2,0,267.0,0,1,0.0347,0,0
779.0,1,0,1,1809.0,0,1,0.0717,1,0
321.0,0,1,4,136.0,0,1,0.4473,0,1
552.0,1,0,0,3640.0,0,0,0.0431,1,0
708.0,0,0,1,5464.0,0,1,0.0159,0,0
241.0,1,1,0,193.0,0,1,0.0507,1,0
166.0,5,1,4,73.0,1,0,0.1364,1,1
900.0,1,2,7,73.0,1,0,0.2279,1,1
1299.0,2,0,0,3597.0,0,1,0.0342,1,0
421.0,3,2,7,75.0,1,0,0.2455,1,1
1064.0,1,1,0,480.0,0,1,0.0867,1,0
130.0,1,1,0,611.0,0,1,0.0635,1,0
1030.0,2,0,1,2432.0,0,0,0.0207,1,0
518.0,1,1,0,712.0,0,1,0.0749,1,0
907.0,1,2,2,1721.0,0,1,0.0677,1,0
649.0,3,2,9,36.0,1,1,0.4723,1,1
438.0,3,2,3,60.0,0,1,0.2789,1,1
664.0,3,4,9,25.0,0,1,0.2958,1,1
1019.0,0,0,1,316.0,0,1,0.2564,0,0
702.0,0,1,0,583.0,0,1,0.0521,0,0
50.0,3,2,8,145.0,0,1,0.1679,1,1
735.0,0,1,0,3909.0,0,1,0.0506,0,0
504.0,0,1,1,1406.0,0,1,0.1389,0,0
795.0,0,0,0,1803.0,0,1,0.0415,0,0
494.0,4,2,1,132.0,0,0,0.273,1,1
884.0,0,0,0,542.0,0,1,0.0776,0,0
829.0,0,0,0,1304.0,0,1,0.1165,0,0
426.0,3,1,7,157.0,0,0,0.2263,1,1
1123.0,0,0,1,1080.0,0,1,0.0137,0,0
432.0,3,2,0,583.0,0,1,0.0931,1,0
1104.0,0,0,1,658.0,0,1,0.0646,0,0
658.0,0,1,0,710.0,0,1,0.0601,0,0
513.0,4,2,5,56.0,1,1,0.2792,1,1
1016.0,1,1,0,1683.0,0,1,0.077,1,0
131.0,1,0,0,3299.0,0,1,0.0899,1,0
565.0,5,0,4,202.0,0,0,0.1955,1,1
266.0,4,1,9,361.0,1,0,0.2885,1,1
182.0,4,0,3,19.0,1,0,0.2503,1,1
1272.0,1,1,0,3246.0,0,1,0.084,1,0
571.0,0,0,0,1789.0,0,0,0.0945,0,0
499.0,5,1,3,184.0,1,1,0.3978,1,1
476.0,1,2,4,76.0,1,0,0.3315,1,1
1039.0,1,1,0,7007.0,0,0,0.1523,1,0
750.0,1,0,1,1447.0,0,1,0.2416,1,0
1208.0,1,1,1,284.0,0,0,0.1009,1,0
553.0,0,2,3,281.0,1,0,0.1532,0,1
50.0,1,0,0,224.0,0,1,0.0643,1,0
614.0,0,0,1,1064.0,0,0,0.1157,0,0
603.0,0,1,0,2327.0,0,1,0.1349,0,0
762.0,6,2,3,51.0,1,1,0.335,1,1
148.0,3,2,5,115.0,1,0,0.3693,1,1
1692.0,0,2,0,1390.0,0,0,0.1352,0,0
574.0,2,3,5,238.0,0,0,0.3643,1,1
649.0,3,3,2,37.0,0,0,0.5169,1,1
1213.0,0,0,0,1399.0,0,1,0.0838,0,0
1620.0,2,0,1,583.0,0,1,0.0627,1,0
1104.0,0,0,0,1247.0,0,1,0.0231,0,0
284.0,5,0,8,16.0,1,0,0.329,1,1
845.0,1,0,0,2691.0,0,1,0.01,1,0
750.0,1,0,0,700.0,0,1,0.0685,1,0
624.0,5,1,6,134.0,1,1,0.3713,1,1
510.0,0,2,0,810.0,0,1,0.0408,0,0
188.0,4,1,3,39.0,1,0,0.3455,1,1
327.0,2,0,0,2763.0,0,1,0.0151,1,0
773.0,1,0,0,513.0,0,1,0.0657,1,0
557.0,4,1,4,90.0,1,0,0.1521,1,1
605.0,1,2,4,152.0,1,0,0.2948,1,1
787.0,2,0,1,2635.0,0,1,0.1011,1,0
837.0,0,1,5,174.0,0,0,0.1483,0,1
531.0,5,1,2,304.0,1,1,0.3499,1,1
1876.0,1,0,0,520.0,0,1,0.0104,1,0
278.0,3,1,2,109.0,1,0,0.1933,1,1
364.0,0,0,0,3123.0,0,1,0.0112,0,0
881.0,0,1,1,3580.0,0,1,0.0262,0,0
587.0,0,1,0,3915.0,1,1,0.1002,0,0
434.0,3,2,2,148.0,1,0,0.287,1,1
179.0,2,1,5,44.0,1,0,0.4941,1,1
951.0,0,0,0,3342.0,0,1,0.0807,0,0
561.0,1,1,0,762.0,0,1,0.098,1,0
1138.0,1,0,0,1234.0,0,1,0.0796,1,0
1147.0,1,0,1,1033.0,0,1,0.0748,1,0
547.0,3,3,1,181.0,1,1,0.1685,1,1
500.0,5,3,6,469.0,1,0,0.1991,1,1
966.0,1,0,0,1063.0,0,1,0.0321,1,0
507.0,6,2,6,139.0,1,0,0.2603,1,1
634.0,0,2,0,341.0,0,1,0.1116,0,0
838.0,3,3,6,98.0,1,0,0.1511,1,1
561.0,6,3,5,55.0,1,0,0.3704,1,1
879.0,2,0,1,203.0,0,1,0.0531,1,0
1022.0,1,1,0,2149.0,0,1,0.0946,1,0
567.0,1,0,9,39.0,1,0,0.2441,1,1
373.0,1,3,0,489.0,0,1,0.0226,1,0
600.0,2,0,1,5761.0,0,0,0.1149,1,0
756.0,1,0,0,2880.0,0,1,0.0616,1,0
427.0,2,0,3,2177.0,0,1,0.0339,1,0
796.0,1,0,2,2616.0,0,1,0.0408,1,0
683.0,6,0,2,111.0,0,0,0.2594,1,1
517.0,1,1,4,282.0,0,0,0.2065,1,1
1034.0,1,0,0,3765.0,0,1,0.0666,1,0
471.0,6,0,1,172.0,1,0,0.1228,1,1
662.0,1,1,0,3008.0,0,1,0.1102,1,0
736.0,1,3,5,308.0,0,0,0.1762,1,1
617.0,6,1,4,959.0,1,0,0.0533,1,1
669.0,1,0,0,799.0,0,1,0.1069,1,0
777.0,3,2,4,101.0,1,0,0.2518,1,1
1124.0,1,0,0,2116.0,0,1,0.1456,1,0
626.0,1,0,0,405.0,0,1,0.0651,1,0
104.0,5,4,3,189.0,0,0,0.1498,1,1
893.0,1,3,0,1215.0,0,1,0.0777,1,0
511.0,1,0,1,2831.0,0,1,0.0869,1,0
618.0,0,0,0,1508.0,0,1,0.1208,0,0
701.0,2,1,4,7.0,1,0,0.5109,1,1
1089.0,1,1,1,1444.0,0,1,0.2303,1,0
855.0,1,1,0,1304.0,0,1,0.145,1,0
352.0,4,3,7,383.0,0,0,0.3553,1,1
544.0,2,3,6,111.0,1,0,0.1664,1,1
1171.0,0,1,0,158.0,0,1,0.0789,0,0
668.0,2,1,0,2042.0,0,1,0.05,1,0
1272.0,0,0,0,1756.0,0,1,0.01,0,0
1252.0,0,0,0,4423.0,0,1,0.0304,0,0
1382.0,0,1,0,314.0,0,1,0.043,0,0
687.0,3,2,7,51.0,1,0,0.2205,1,1
348.0,3,1,6,121.0,0,0,0.2175,1,1
1294.0,2,0,0,1184.0,0,1,0.0937,1,0
956.0,0,0,0,2981.0,0,1,0.0337,0,0
472.0,2,2,5,157.0,1,0,0.1101,1,1
643.0,2,0,2,3320.0,0,1,0.0177,1,0
280.0,4,2,9,211.0,1,0,0.163,1,1
348.0,2,0,1,1899.0,0,0,0.0132,1,0
749.0,1,0,1,1533.0,1,1,0.0251,1,0
311.0,1,1,3,37.0,1,0,0.3753,1,1
50.0,2,1,1,3985.0,0,1,0.0749,1,0
339.0,4,2,3,64.0,0,0,0.1861,1,1
1192.0,0,0,1,1129.0,0,1,0.2345,0,0
639.0,1,1,1,1785.0,0,1,0.24,1,0
513.0,2,4,4,38.0,1,1,0.1859,1,1
801.0,2,0,0,2673.0,0,1,0.0946,1,0
522.0,7,1,10,461.0,1,0,0.2052,1,1
1143.0,2,2,0,541.0,0,1,0.0951,1,0
309.0,0,0,0,4454.0,0,1,0.0392,0,0
304.0,2,1,3,48.0,1,0,0.3111,1,1
728.0,0,0,1,94.0,0,1,0.1069,0,0
828.0,0,1,1,491.0,0,1,0.0898,0,0
545.0,2,0,0,6375.0,0,1,0.0159,1,0
1411.0,0,1,0,757.0,0,1,0.051,0,0
1164.0,0,1,1,1802.0,0,1,0.0856,0,0
626.0,3,0,5,126.0,1,0,0.3608,1,1
966.0,2,0,4,18.0,1,1,0.1487,1,1
306.0,2,1,2,32.0,0,0,0.224,1,1
553.0,4,1,1,134.0,1,0,0.1374,1,1
93.0,4,2,6,153.0,1,0,0.1118,1,1
579.0,3,2,4,49.0,0,0,0.1774,1,1
1076.0,0,1,0,132.0,0,1,0.0779,0,0
342.0,2,3,3,121.0,1,1,0.2813,1,1
237.0,4,2,3,277.0,1,0,0.179,1,1
313.0,2,0,0,908.0,0,1,0.11,1,0
731.0,0,0,0,1638.0,0,1,0.0429,0,0
1171.0,0,0,2,911.0,0,1,0.0168,0,0
781.0,1,1,0,3227.0,0,0,0.01,1,0
829.0,5,1,6,14.0,1,1,0.4226,1,1
688.0,4,0,3,1345.0,0,1,0.0771,1,0
439.0,1,1,0,1093.0,0,1,0.0175,1,0
580.0,5,2,5,583.0,1,1,0.4273,1,1
908.0,0,1,0,2412.0,0,1,0.0759,0,0
570.0,2,1,0,559.0,0,1,0.1057,1,0
717.0,2,0,0,2195.0,0,1,0.093,1,0
612.0,2,1,4,10.0,0,1,0.116,1,1
788.0,3,2,3,38.0,1,0,0.138,1,1
696.0,1,2,0,122.0,0,1,0.0299,1,0
355.0,2,1,1,148.0,1,1,0.2588,1,1
1335.0,2,1,1,2666.0,0,1,0.1526,1,0
818.0,6,1,4,583.0,0,0,0.3681,1,1
335.0,3,1,9,31.0,1,0,0.1978,1,1
349.0,8,3,3,337.0,1,0,0.1509,1,1
284.0,1,1,1,149.0,0,1,0.0293,1,0
353.0,1,2,7,97.0,0,1,0.1497,1,1
513.0,4,2,4,93.0,1,0,0.1631,1,1
840.0,3,0,1,228.0,0,1,0.3094,1,0
967.0,4,2,4,57.0,1,1,0.2489,1,1
50.0,1,0,2,2352.0,0,1,0.0145,1,0
409.0,3,0,7,32.0,1,0,0.2134,1,1
1110.0,1,1,0,3851.0,0,0,0.0387,1,0
900.0,2,0,5,108.0,1,1,0.2307,1,1
748.0,0,1,0,1772.0,0,1,0.1436,0,0
997.0,1,0,1,2059.0,0,1,0.0305,1,0
658.0,0,0,0,1883.0,0,1,0.0406,0,0
722.0,0,0,0,1601.0,0,1,0.0643,0,0
824.0,1,1,0,712.0,0,1,0.1162,1,0
867.0,0,1,1,2077.0,0,1,0.092,0,0
1637.0,0,0,2,2436.0,0,1,0.0642,0,0
65.0,0,0,0,1633.0,0,1,0.0916,0,0
1039.0,0,0,0,1327.0,0,1,0.0426,0,0
455.0,1,2,7,63.0,1,0,0.2718,1,1
998.0,1,1,0,1506.0,0,1,0.288,1,0
262.0,2,1,1,95.0,1,0,0.2761,1,1
643.0,3,0,2,217.0,1,0,0.0843,1,1
597.0,3,2,10,254.0,1,0,0.348,1,1
1889.0,0,0,1,2120.0,0,1,0.1577,0,0
88.0,2,3,1,4.0,1,1,0.4711,1,1
503.0,0,0,0,4829.0,1,1,0.1113,0,0
651.0,0,0,0,952.0,0,1,0.1037,0,0
641.0,0,0,0,1008.0,0,1,0.0668,0,0
896.0,3,1,4,117.0,1,0,0.3596,1,1
684.0,0,0,0,1216.0,0,1,0.1196,0,0
1056.0,1,0,2,1384.0,0,1,0.1,1,0
412.0,2,0,5,28.0,1,0,0.3472,1,1
710.0,1,1,5,132.0,1,0,0.4445,1,1
970.0,0,0,0,1114.0,0,1,0.0548,0,0
543.0,1,1,0,1356.0,0,1,0.0377,1,0
610.0,4,2,2,474.0,1,0,0.1942,1,1
1359.0,0,0,0,2268.0,0,1,0.1271,0,0
1056.0,1,0,0,194.0,0,0,0.042,1,0
803.0,0,1,0,1677.0,0,1,0.1169,0,0
585.0,6,1,2,211.0,1,0,0.3823,1,1
384.0,0,1,3,88.0,0,0,0.2019,0,1
530.0,3,1,3,75.0,1,0,0.1651,1,1
275.0,6,2,1,48.0,1,1,0.3366,1,1
1514.0,1,0,0,3149.0,0,1,0.0495,1,0
854.0,0,1,0,1033.0,0,1,0.075,0,0
939.0,1,0,0,4536.0,0,1,0.2218,1,0
779.0,1,1,0,3417.0,0,1,0.0767,1,0
542.0,1,0,0,475.0,0,1,0.1892,1,0
371.0,3,1,6,82.0,1,1,0.2569,1,1
240.0,2,2,0,593.0,0,1,0.0791,1,0
96.0,4,1,5,236.0,1,0,0.1157,1,1
367.0,2,0,1,1666.0,0,1,0.0742,1,0
438.0,1,1,1,328.0,0,1,0.1214,1,0
645.0,0,0,0,1456.0,0,1,0.0958,0,0
1250.0,0,0,0,1654.0,0,1,0.1025,0,0
381.0,4,0,6,78.0,0,1,0.126,1,1
367.0,1,1,1,1527.0,0,1,0.1472,1,0
1239.0,4,1,0,3229.0,0,1,0.0849,1,0
1055.0,1,1,0,1936.0,0,1,0.0893,1,0
988.0,0,0,0,4741.0,0,1,0.0508,0,0
1050.0,1,0,1,2262.0,0,1,0.0185,1,0
636.0,4,3,7,399.0,0,0,0.3813,1,1
620.0,3,0,7,280.0,0,0,0.2912,1,1
559.0,1,1,1,109.0,0,1,0.0115,1,0
553.0,3,3,3,109.0,0,0,0.2318,1,1
934.0,0,2,1,468.0,0,1,0.1246,0,0
974.0,1,0,1,529.0,0,1,0.0828,1,0
207.0,1,0,0,2528.0,0,1,0.0653,1,0
740.0,0,1,0,968.0,0,1,0.1058,0,0
515.0,1,0,0,796.0,0,1,0.0481,1,0
1089.0,0,0,0,186.0,0,0,0.041,0,0
1174.0,1,1,0,1482.0,0,1,0.0768,1,0
73.0,0,0,2,1798.0,0,1,0.2012,0,0
792.0,0,0,0,3874.0,0,1,0.0843,0,0
384.0,1,1,3,583.0,0,0,0.3366,1,1
734.0,1,1,0,103.0,0,1,0.026,1,0
1055.0,1,0,1,211.0,0,1,0.0496,1,0
922.0,0,0,0,658.0,0,0,0.0342,0,0
919.0,0,0,0,359.0,0,1,0.0283,0,0
705.0,2,1,3,2740.0,0,1,0.1483,1,0
374.0,1,0,0,295.0,1,1,0.1067,1,0
407.0,0,2,0,405.0,0,1,0.064,0,0
1048.0,0,0,0,2068.0,0,1,0.0617,0,0
806.0,0,2,0,583.0,0,1,0.0624,0,0
751.0,0,1,1,6347.0,0,1,0.0643,0,0
651.0,0,0,0,3670.0,0,1,0.0353,0,0
693.0,0,0,1,2546.0,0,1,0.1703,0,0
1166.0,0,0,0,846.0,0,1,0.1378,0,0
684.0,4,2,2,238.0,0,1,0.231,1,1
330.0,0,0,1,828.0,0,1,0.0633,0,0
1060.0,1,0,0,940.0,0,1,0.0711,1,0
728.0,1,1,1,335.0,0,1,0.017,1,0
750.0,3,1,6,185.0,1,0,0.285,1,1
1362.0,0,0,0,2075.0,0,1,0.0526,0,0
792.0,0,0,0,566.0,0,1,0.0668,0,0
901.0,1,0,0,2129.0,0,1,0.032,1,0
387.0,0,0,0,1520.0,0,1,0.0912,0,0
723.0,0,0,0,4261.0,0,1,0.0473,0,0
1013.0,1,1,0,2961.0,0,1,0.0637,1,0
747.0,7,1,4,31.0,0,1,0.2308,1,1
870.0,2,0,0,1785.0,0,1,0.0681,1,0
569.0,3,3,5,280.0,0,1,0.304,1,1
483.0,2,1,2,45.0,0,1,0.2301,1,1
1163.0,2,0,0,1933.0,0,1,0.041,1,0
917.0,1,2,0,362.0,0,1,0.1765,1,0
1317.0,0,0,2,628.0,0,1,0.1346,0,0
452.0,1,0,0,1917.0,0,1,0.1394,1,0
847.0,3,1,0,4463.0,0,1,0.0289,1,0
123.0,4,3,4,606.0,1,1,0.4848,1,1
618.0,2,3,4,93.0,1,0,0.1876,1,1
1134.0,1,1,2,3286.0,0,1,0.0824,1,0
1613.0,0,0,0,1378.0,0,1,0.0421,0,0
890.0,4,2,0,104.0,1,0,0.5409,1,1
50.0,5,3,2,153.0,0,0,0.1137,1,1
326.0,3,1,4,56.0,0,1,0.0844,1,1
550.0,2,0,2,1737.0,0,1,0.061,1,0
162.0,1,0,0,935.0,0,1,0.0819,1,0
552.0,0,0,1,2680.0,0,1,0.0419,0,0
312.0,0,2,1,948.0,0,1,0.2394,0,0
1396.0,0,0,2,1670.0,0,1,0.0481,0,0
759.0,2,0,0,986.0,0,1,0.0902,1,0
436.0,1,1,2,78.0,0,1,0.121,1,1
1111.0,2,1,0,406.0,0,1,0.0601,1,0
407.0,2,0,1,2014.0,0,1,0.025,1,0
531.0,2,0,0,3090.0,0,1,0.0501,1,0
823.0,2,1,0,1227.0,0,1,0.113,1,0
1160.0,0,0,2,799.0,0,1,0.1065,0,0
975.0,0,0,0,828.0,0,1,0.1277,0,0
1048.0,3,2,4,114.0,1,1,0.3414,1,1
827.0,3,0,1,1224.0,0,1,0.1311,1,0
940.0,1,0,0,91.0,0,1,0.1093,1,0
870.0,1,0,0,2746.0,0,1,0.0917,1,0
167.0,7,1,2,114.0,1,1,0.0999,1,1
865.0,6,3,5,227.0,1,0,0.2471,1,1
50.0,4,1,5,111.0,1,0,0.2545,1,1
828.0,0,0,0,1642.0,0,0,0.0357,0,0
631.0,0,0,0,3567.0,0,1,0.1151,0,0
1688.0,0,0,0,391.0,0,1,0.0839,0,0
786.0,2,1,3,2796.0,0,1,0.0814,1,0
443.0,2,3,5,102.0,1,1,0.1648,1,1
753.0,0,0,0,4667.0,0,1,0.1062,0,0
658.0,5,2,7,27.0,1,0,0.3302,1,1
150.0,4,1,5,86.0,1,0,0.2793,1,1
593.0,3,1,0,215.0,0,1,0.0324,1,0
632.0,3,1,7,46.0,0,0,0.2735,1,1
1085.0,1,0,0,1896.0,0,1,0.0981,1,0
316.0,1,2,0,2025.0,0,1,0.0137,1,0
647.0,1,1,0,2250.0,0,1,0.1698,1,0
709.0,0,0,1,867.0,0,1,0.0715,0,0
775.0,1,1,0,2063.0,0,1,0.061,1,0
1041.0,0,0,0,1097.0,0,1,0.0936,0,0
560.0,0,1,0,1592.0,0,0,0.0953,0,0
704.0,0,0,2,1516.0,0,1,0.0149,0,0
795.0,3,0,0,421.0,0,1,0.0769,1,0
852.0,1,0,0,3464.0,0,1,0.0448,1,0
834.0,1,0,0,3723.0,0,0,0.1097,1,0
952.0,1,0,0,500.0,1,1,0.052,1,0
416.0,1,2,10,114.0,1,0,0.1776,1,1
813.0,3,2,2,453.0,0,0,0.5423,1,1
732.0,5,2,5,266.0,0,0,0.1785,1,1
235.0,7,4,4,161.0,0,1,0.1983,1,1
817.0,0,1,1,2649.0,0,1,0.1577,0,0
760.0,4,3,6,52.0,1,0,0.3448,1,1
1055.0,0,1,1,366.0,0,1,0.0935,0,0
557.0,0,0,0,4174.0,0,1,0.0495,0,0
344.0,6,2,8,75.0,1,0,0.3078,1,1
599.0,1,1,0,1496.0,0,1,0.1269,1,0
310.0,6,1,6,205.0,0,1,0.3561,1,1
731.0,3,2,4,178.0,1,0,0.0817,1,1
520.0,2,0,7,85.0,0,0,0.2003,1,1
535.0,3,2,5,63.0,0,0,0.2754,1,1
843.0,0,0,0,1989.0,0,1,0.1727,0,0
756.0,0,0,1,3001.0,0,1,0.1557,0,0
726.0,2,1,0,4996.0,0,1,0.1059,1,0
1061.0,1,2,0,2953.0,0,0,0.157,1,0
913.0,0,0,1,4405.0,0,1,0.0289,0,0
240.0,6,0,6,65.0,0,1,0.0856,1,1
603.0,2,1,7,8.0,0,0,0.4432,1,1
981.0,2,2,0,185.0,0,1,0.0283,1,0
614.0,0,1,1,652.0,0,1,0.0564,0,0
495.0,2,0,1,1803.0,0,1,0.0654,1,0
796.0,0,0,1,824.0,0,1,0.0185,0,0
401.0,1,4,8,110.0,1,0,0.2848,1,1
1821.0,3,0,0,3510.0,0,1,0.0928,1,0
735.0,1,1,0,7300.0,0,1,0.0131,1,0
404.0,0,1,1,120.0,0,1,0.0512,0,0
895.0,0,0,0,258.0,0,1,0.0596,0,0
73.0,2,1,1,1335.0,0,1,0.086,1,0
767.0,1,0,0,831.0,0,1,0.0328,1,0
805.0,0,1,1,2833.0,0,1,0.0576,0,0
1078.0,0,1,1,2001.0,0,1,0.1055,0,0
1140.0,1,1,0,217.0,0,1,0.0723,1,0
263.0,4,4,5,260.0,1,0,0.4843,1,1
747.0,0,0,1,828.0,0,0,0.0149,0,0
531.0,1,0,0,6130.0,0,1,0.078,1,0
405.0,2,0,0,1250.0,0,1,0.0735,1,0
726.0,1,2,2,25.0,0,1,0.3517,1,1
354.0,0,1,1,145.0,0,1,0.1487,0,0
465.0,2,3,3,1269.0,0,0,0.4371,1,1
451.0,0,0,2,968.0,0,1,0.1301,0,0
992.0,1,0,1,4013.0,0,1,0.0978,1,0
1430.0,0,0,1,1505.0,0,1,0.0469,0,0
344.0,3,1,0,3218.0,0,0,0.0607,1,0
658.0,3,3,6,386.0,0,0,0.3918,1,1
756.0,2,0,0,302.0,0,1,0.0665,1,0
805.0,1,0,0,598.0,0,1,0.0198,1,0
876.0,0,0,0,1955.0,0,1,0.0291,0,0
643.0,0,0,0,3782.0,0,1,0.0611,0,0
729.0,0,1,1,1182.0,1,1,0.1166,0,0
928.0,0,1,0,477.0,1,0,0.1212,0,0
671.0,2,2,5,6.0,0,0,0.4195,1,1
115.0,2,0,0,484.0,0,1,0.0189,1,0
670.0,1,1,0,1610.0,0,1,0.0754,1,0
783.0,3,3,3,30.0,0,0,0.1789,1,1
478.0,1,0,0,3090.0,0,1,0.0224,1,0
512.0,7,0,5,78.0,0,1,0.184,1,1
577.0,0,1,1,1492.0,0,1,0.0574,0,0
524.0,6,2,4,52.0,0,0,0.3089,1,1
994.0,2,0,1,681.0,0,1,0.0143,1,0
453.0,5,2,1,71.0,0,0,0.4109,1,1
472.0,3,2,3,14.0,0,0,0.3016,1,1
649.0,1,2,0,283.0,0,1,0.01,1,0
996.0,2,1,3,51.0,0,0,0.2568,1,1
682.0,1,1,0,3506.0,0,1,0.103,1,0
503.0,2,1,0,395.0,0,1,0.1825,1,0
1123.0,1,0,1,2226.0,0,0,0.0472,1,0
684.0,1,0,0,2236.0,0,1,0.0225,1,0
621.0,2,0,0,999.0,0,0,0.0839,1,0
852.0,0,0,1,388.0,0,1,0.0666,0,0
1069.0,1,1,0,345.0,1,1,0.1226,1,0
863.0,3,3,1,217.0,1,0,0.0973,1,1
625.0,0,1,4,7.0,1,0,0.1502,0,1
1205.0,1,1,0,1754.0,0,1,0.1757,1,0
622.0,1,0,0,3706.0,0,1,0.0139,1,0
440.0,3,1,1,1708.0,0,1,0.1003,1,0
821.0,1,0,1,6656.0,0,1,0.117,1,0
837.0,2,1,1,1956.0,0,1,0.0559,1,0
422.0,0,0,0,769.0,1,0,0.0125,0,0
738.0,0,0,0,3534.0,0,1,0.0314,0,0
407.0,1,0,2,233.0,1,0,0.3955,1,1
926.0,0,0,0,583.0,0,1,0.01,0,0
976.0,1,0,0,1259.0,0,1,0.0774,1,0
901.0,1,0,0,5603.0,0,1,0.1755,1,0
622.0,3,0,0,455.0,0,1,0.0629,1,0
620.0,0,1,0,110.0,0,1,0.0721,0,0
380.0,2,1,5,482.0,0,1,0.0424,1,0
1424.0,0,1,1,276.0,0,0,0.0942,0,0
804.0,0,1,1,2473.0,0,1,0.1758,0,0
541.0,4,1,4,40.0,1,0,0.3851,1,1
550.0,4,1,2,79.0,0,0,0.4253,1,1
1827.0,2,0,0,2078.0,0,1,0.1507,1,0
424.0,4,0,0,2187.0,1,1,0.059,1,0
649.0,2,1,1,3307.0,0,1,0.0471,1,0
945.0,2,0,0,380.0,0,1,0.0281,1,0
1010.0,0,0,0,183.0,1,1,0.0646,0,0
1135.0,1,1,2,144.0,0,1,0.0815,1,0
1432.0,0,1,1,287.0,0,1,0.0245,0,0
977.0,0,1,0,948.0,0,1,0.0245,0,0
430.0,1,0,2,6250.0,0,1,0.0245,1,0
66.0,2,1,5,261.0,1,0,0.2843,1,1
134.0,3,2,2,58.0,0,1,0.1872,1,1
339.0,5,0,5,27.0,1,1,0.309,1,1
310.0,1,1,0,4605.0,0,1,0.1218,1,0
427.0,7,2,4,181.0,1,0,0.1227,1,1
862.0,0,0,1,3242.0,0,1,0.0383,0,0
153.0,3,1,10,435.0,1,1,0.4234,1,1
764.0,0,1,1,559.0,0,1,0.107,0,0
814.0,4,1,3,298.0,0,0,0.17,1,1
1062.0,0,1,0,484.0,0,1,0.1086,0,0
674.0,7,1,3,40.0,0,1,0.1677,1,1
931.0,5,1,3,272.0,1,0,0.2163,1,1
795.0,4,0,0,1283.0,0,1,0.0972,1,0
590.0,1,0,0,1367.0,0,1,0.1063,1,0
420.0,3,2,4,81.0,1,1,0.2906,1,1
1086.0,0,1,0,1170.0,0,1,0.0555,0,0
411.0,10,2,5,28.0,1,0,0.2571,1,1
461.0,4,0,2,4530.0,0,1,0.0201,1,0
611.0,0,3,1,3142.0,0,1,0.1282,0,0
636.0,1,0,1,520.0,0,1,0.0777,1,0
280.0,0,1,0,710.0,0,1,0.1461,0,0
335.0,4,1,8,134.0,0,0,0.2793,1,1
403.0,0,0,0,1613.0,0,1,0.0434,0,0
655.0,0,1,1,2705.0,0,1,0.0157,0,0
541.0,0,2,0,2431.0,0,1,0.0367,0,0
230.0,2,1,0,2309.0,0,1,0.062,1,0
801.0,2,2,3,11.0,1,1,0.2762,1,1
693.0,6,0,0,300.0,0,1,0.1775,1,1
527.0,1,0,1,590.0,0,1,0.1627,1,0
218.0,7,2,1,51.0,0,0,0.3409,1,1
607.0,4,1,7,319.0,1,0,0.3046,1,1
1216.0,0,1,0,4442.0,0,1,0.1217,0,0
379.0,3,3,5,101.0,1,1,0.1937,1,1
1182.0,0,0,0,228.0,0,1,0.1089,0,0
608.0,1,0,0,2745.0,0,1,0.0622,1,0
491.0,4,2,3,116.0,0,0,0.3259,1,1
1053.0,1,1,0,6888.0,0,1,0.1796,1,0
397.0,8,0,1,83.0,1,1,0.2755,1,1
825.0,3,1,3,36.0,1,0,0.2919,1,1
380.0,1,1,0,714.0,0,1,0.0271,1,0
624.0,3,1,3,143.0,0,0,0.1024,1,1
656.0,2,1,0,1703.0,0,0,0.1052,1,0
1074.0,0,0,1,386.0,0,1,0.1144,0,0
285.0,0,1,0,1392.0,0,1,0.043,0,0
731.0,3,3,2,110.0,0,0,0.2548,1,1
528.0,0,0,2,3351.0,0,1,0.0635,0,0
827.0,0,1,0,738.0,0,0,0.0127,0,0
318.0,4,3,6,34.0,0,0,0.339,1,1
690.0,6,2,5,100.0,1,1,0.2413,1,1
740.0,2,3,2,143.0,0,0,0.2898,1,1
1009.0,1,2,1,3346.0,0,1,0.0656,1,0
1366.0,3,0,0,2116.0,0,1,0.049,1,0
945.0,0,1,0,1216.0,1,1,0.1623,0,0
618.0,4,1,5,291.0,1,1,0.158,1,1
658.0,0,0,1,790.0,0,1,0.0339,0,0
588.0,3,0,0,370.0,0,1,0.1511,1,0
323.0,4,0,7,76.0,1,1,0.1909,1,1
1350.0,1,0,0,1145.0,0,1,0.0745,1,0
386.0,2,2,3,41.0,0,0,0.369,1,1
493.0,3,1,3,149.0,0,1,0.1463,1,1
419.0,4,1,5,17.0,0,0,0.6322,1,1
1262.0,0,1,0,976.0,1,1,0.0953,0,0
740.0,0,0,0,252.0,0,1,0.0971,0,0
366.0,2,2,4,212.0,1,0,0.163,1,1
677.0,2,2,3,340.0,0,0,0.1092,1,1
756.0,4,2,5,95.0,1,0,0.1642,1,1
897.0,2,0,1,7300.0,0,1,0.0511,1,0
300.0,4,1,5,53.0,1,0,0.3184,1,1
226.0,3,3,3,9.0,0,0,0.1345,1,1
589.0,4,1,4,106.0,1,1,0.1698,1,1
619.0,5,1,5,159.0,1,0,0.4633,1,1
568.0,4,2,2,84.0,1,0,0.2616,1,1
1178.0,0,0,0,3113.0,0,1,0.1086,0,0
754.0,1,0,1,3604.0,0,0,0.1298,1,0
501.0,3,1,1,2296.0,0,1,0.0376,1,0
534.0,0,0,0,243.0,0,0,0.0405,0,0
457.0,0,1,0,860.0,0,1,0.043,0,0
704.0,3,0,1,6249.0,0,1,0.0784,1,0
1231.0,2,0,0,475.0,0,1,0.0454,1,0
518.0,1,0,1,1179.0,0,1,0.1329,1,0
865.0,0,1,0,822.0,0,1,0.0313,0,0
548.0,1,0,4,583.0,1,1,0.1543,1,1
494.0,4,1,3,400.0,1,0,0.3158,1,1
271.0,3,2,0,468.0,0,1,0.0143,1,0
497.0,2,1,6,527.0,0,0,0.1301,1,1
732.0,1,0,0,435.0,0,1,0.0679,1,0
989.0,2,0,0,1848.0,0,1,0.0779,1,0
878.0,2,0,0,5224.0,0,1,0.0317,1,0
380.0,0,0,1,5580.0,0,1,0.0118,0,0
538.0,6,2,3,20.0,0,0,0.2425,1,1
337.0,5,1,2,5.0,0,1,0.1908,1,1
869.0,2,0,0,602.0,0,1,0.1127,1,0
796.0,1,0,0,2567.0,0,1,0.0409,1,0
618.0,0,1,0,7196.0,0,1,0.0632,0,0
876.0,0,1,0,235.0,0,1,0.01,0,0
966.0,0,0,0,2894.0,0,1,0.0549,0,0
188.0,1,0,1,326.0,0,1,0.0238,1,0
395.0,11,1,4,51.0,1,0,0.5044,1,1
346.0,2,2,2,383.0,1,1,0.2461,1,1
889.0,2,0,0,724.0,0,1,0.1924,1,0
687.0,4,0,1,89.0,1,0,0.2762,1,1
529.0,4,0,0,1061.0,0,1,0.0181,1,0
625.0,0,1,0,583.0,0,1,0.0725,0,0
620.0,0,0,0,1452.0,0,1,0.0256,0,0
519.0,1,0,0,133.0,0,1,0.0206,1,0
792.0,4,3,5,22.0,0,1,0.3793,1,1
1069.0,2,0,0,1419.0,0,1,0.0969,1,0
431.0,0,0,0,5367.0,0,1,0.1082,0,0
949.0,1,1,0,285.0,0,1,0.0737,1,0
204.0,1,0,0,2462.0,0,1,0.1009,1,0
416.0,2,2,5,37.0,0,0,0.2121,1,1
684.0,1,0,0,930.0,0,1,0.0448,1,0
1386.0,0,0,1,861.0,0,1,0.1903,0,0
703.0,1,0,0,887.0,0,1,0.0549,1,0
50.0,1,0,1,1104.0,0,1,0.0455,1,0
100.0,0,0,1,128.0,1,1,0.0767,0,0
627.0,2,2,3,67.0,1,1,0.1398,1,1
1014.0,1,0,0,3933.0,0,1,0.1235,1,0
314.0,2,1,5,109.0,0,0,0.388,1,1
113.0,6,2,3,166.0,1,1,0.278,1,1
50.0,3,1,4,34.0,1,1,0.1462,1,1
611.0,1,0,1,3058.0,0,1,0.0394,1,0
1113.0,0,0,1,1798.0,0,1,0.0651,0,0
228.0,0,1,0,748.0,0,1,0.0331,0,0
509.0,3,0,5,537.0,1,1,0.344,1,1
167.0,1,0,0,1361.0,0,1,0.0615,1,0
658.0,1,0,0,1907.0,0,1,0.0408,1,0
783.0,0,1,0,1251.0,0,0,0.0942,0,0
839.0,2,1,0,2758.0,0,1,0.0273,1,0
821.0,2,1,0,173.0,0,1,0.1021,1,0
475.0,3,1,0,849.0,0,1,0.1068,1,0
583.0,4,4,3,57.0,1,0,0.1551,1,1
275.0,0,1,0,1687.0,0,1,0.0907,0,0
1277.0,1,0,1,424.0,0,1,0.0442,1,0
693.0,0,0,2,229.0,0,1,0.1036,0,0
628.0,0,2,1,128.0,0,1,0.1154,0,0
1356.0,2,1,1,1048.0,0,1,0.3195,1,0
712.0,4,1,5,283.0,0,0,0.2271,1,1
406.0,2,0,1,1599.0,0,1,0.0233,1,0
91.0,3,3,8,189.0,1,0,0.1955,1,1
776.0,2,0,0,991.0,0,1,0.0348,1,0
951.0,2,0,0,3426.0,0,1,0.0471,1,0
406.0,2,1,6,83.0,1,0,0.1535,1,1
1700.0,0,0,1,1959.0,0,1,0.0984,0,0
50.0,0,0,0,583.0,1,1,0.1312,0,0
1013.0,2,1,0,2789.0,0,1,0.0783,1,0
605.0,0,0,2,386.0,0,1,0.2607,0,0
50.0,1,2,4,100.0,1,1,0.0785,1,1
583.0,3,2,1,176.0,0,1,0.0866,1,0
695.0,5,2,1,62.0,1,1,0.2271,1,1
394.0,2,3,1,312.0,1,0,0.3586,1,1
1094.0,2,0,1,1138.0,0,1,0.0372,1,0
574.0,6,1,3,47.0,0,0,0.1588,1,1
1272.0,0,1,0,764.0,0,1,0.1111,0,0
451.0,3,1,4,22.0,0,0,0.1191,1,1
334.0,0,0,0,2300.0,0,1,0.0153,0,0
422.0,2,3,6,108.0,0,1,0.305,1,1
555.0,1,1,1,2398.0,0,1,0.0902,1,0
856.0,1,1,1,103.0,0,1,0.0308,1,0
836.0,0,1,0,764.0,0,1,0.041,0,0
243.0,1,1,4,28.0,1,0,0.4272,1,1
306.0,2,1,1,3778.0,0,1,0.0942,1,0
1081.0,1,0,0,2615.0,0,1,0.0951,1,0
596.0,2,1,5,78.0,0,0,0.5236,1,1
546.0,5,2,2,143.0,1,0,0.0838,1,1
247.0,6,1,5,291.0,0,1,0.253,1,1
617.0,7,2,2,253.0,0,0,0.2697,1,1
454.0,4,2,5,114.0,0,0,0.2428,1,1
527.0,4,3,2,583.0,1,0,0.1395,1,1
987.0,0,2,0,289.0,0,1,0.0371,0,0
831.0,1,0,0,839.0,0,0,0.0661,1,0
386.0,2,4,2,193.0,1,1,0.2221,1,1
802.0,2,0,0,1883.0,0,1,0.0468,1,0
263.0,0,0,0,2053.0,0,1,0.069,0,0
1202.0,1,0,1,500.0,0,1,0.0918,1,0
604.0,4,1,8,41.0,1,0,0.3968,1,1
1191.0,2,1,0,1749.0,0,1,0.1077,1,0
615.0,0,0,0,2026.0,0,1,0.0328,0,0
616.0,0,0,0,284.0,0,1,0.038,0,0
532.0,0,0,0,4660.0,0,1,0.014,0,0
1106.0,0,0,0,152.0,0,1,0.0145,0,0
551.0,0,0,1,6587.0,0,1,0.0812,0,0
658.0,1,0,0,774.0,0,1,0.1018,1,0
867.0,3,2,6,14.0,0,1,0.3402,1,1
108.0,3,0,0,1153.0,0,1,0.0317,1,0
102.0,3,2,5,278.0,1,0,0.0982,1,1
661.0,2,2,2,258.0,1,0,0.3284,1,1
811.0,0,1,0,619.0,0,1,0.0566,0,0
566.0,10,2,8,287.0,1,0,0.1256,1,1
1124.0,1,2,0,3859.0,0,1,0.0375,1,0
452.0,3,4,3,17.0,1,0,0.3491,1,1
737.0,0,0,0,1621.0,0,1,0.0235,0,0
621.0,3,0,4,148.0,1,1,0.2414,1,1
1137.0,1,0,2,1527.0,0,1,0.0295,1,0
792.0,0,1,0,909.0,0,1,0.137,0,0
530.0,0,0,0,900.0,0,1,0.0387,0,0
507.0,6,0,4,150.0,1,0,0.4357,1,1
399.0,4,2,3,68.0,1,0,0.1564,1,1
583.0,1,0,0,1022.0,0,1,0.0436,1,0
837.0,0,0,0,4758.0,0,1,0.0627,0,0
679.0,0,1,0,2624.0,0,1,0.0179,0,0
617.0,7,4,4,119.0,1,0,0.2077,1,1
585.0,1,0,0,561.0,0,1,0.034,1,0
262.0,5,1,4,25.0,0,1,0.2633,1,1
1214.0,1,0,1,3057.0,0,1,0.0359,1,0
919.0,1,0,2,3638.0,0,0,0.1436,1,0
778.0,0,0,1,1585.0,0,1,0.01,0,0
589.0,2,0,0,1399.0,0,1,0.0568,1,0
578.0,0,0,1,2379.0,0,1,0.0237,0,0
502.0,2,0,0,437.0,0,1,0.06,1,0
556.0,4,3,5,247.0,0,0,0.0701,1,1
1064.0,2,0,0,228.0,0,1,0.0647,1,0
722.0,0,0,1,1752.0,0,1,0.0519,0,0
327.0,1,0,0,1693.0,0,1,0.0498,1,0
1418.0,2,1,1,759.0,0,1,0.0647,1,0
911.0,1,0,3,154.0,0,0,0.0469,1,0
307.0,0,0,1,2367.0,0,1,0.0625,0,0
645.0,2,1,0,134.0,0,1,0.0289,1,0
658.0,1,0,0,446.0,0,0,0.0772,1,0
1396.0,0,0,0,1504.0,0,1,0.0205,0,0
412.0,1,0,1,5153.0,0,1,0.0621,1,0
1141.0,0,0,0,212.0,1,1,0.0187,0,0
1289.0,3,2,0,1646.0,0,0,0.0216,1,0
224.0,4,0,5,57.0,1,0,0.3047,1,1
702.0,0,0,0,2082.0,0,1,0.1014,0,0
689.0,6,4,7,1350.0,1,0,0.1466,1,1
728.0,0,1,0,653.0,0,1,0.0654,0,0
581.0,8,3,3,232.0,1,0,0.3026,1,1
449.0,6,0,4,39.0,1,0,0.3098,1,1
1181.0,1,1,1,1771.0,0,1,0.0947,1,0
429.0,2,2,5,172.0,1,0,0.2564,1,1
111.0,0,0,1,3692.0,0,1,0.0826,0,0
792.0,1,0,0,3018.0,0,1,0.1512,1,0
658.0,3,3,5,385.0,1,0,0.2223,1,1
545.0,5,0,7,44.0,1,1,0.1742,1,1
685.0,1,0,0,767.0,0,1,0.0334,1,0
843.0,0,1,0,3722.0,0,1,0.0298,0,0
1330.0,0,0,0,620.0,0,1,0.0382,0,0
933.0,1,0,0,1618.0,0,1,0.0443,1,0
335.0,1,3,8,19.0,1,0,0.3416,1,1
624.0,0,0,0,1088.0,0,1,0.0232,0,0
740.0,0,1,2,2839.0,0,1,0.0343,0,0
1372.0,0,1,0,4761.0,0,1,0.0998,0,0
735.0,0,2,1,460.0,0,0,0.036,0,0
793.0,1,0,0,151.0,0,1,0.0489,1,0
631.0,1,1,0,1862.0,0,1,0.1413,1,0
430.0,8,3,6,140.0,1,1,0.2494,1,1
412.0,5,4,2,17.0,0,1,0.2604,1,1
957.0,0,1,1,2860.0,0,1,0.0292,0,0
458.0,1,2,2,247.0,1,0,0.2487,1,1
661.0,2,2,3,112.0,1,1,0.362,1,1
430.0,4,2,3,32.0,1,1,0.4136,1,1
1060.0,1,1,0,1939.0,0,1,0.0623,1,0
846.0,1,1,1,845.0,0,1,0.0939,1,0
949.0,0,0,0,6351.0,0,1,0.0604,0,0
550.0,1,0,0,855.0,0,1,0.136,1,0
665.0,0,0,1,1832.0,0,1,0.0754,0,0
656.0,1,1,0,950.0,0,1,0.106,1,0
1157.0,0,1,0,111.0,0,1,0.01,0,0
445.0,4,2,4,188.0,1,0,0.1498,1,1
1528.0,1,1,0,565.0,0,1,0.0712,1,0
950.0,1,0,1,3099.0,0,1,0.097,1,0
502.0,8,2,3,54.0,0,1,0.2759,1,1
736.0,4,2,3,35.0,1,0,0.1434,1,1
829.0,6,0,5,7.0,0,0,0.2279,1,1
329.0,3,2,7,568.0,1,1,0.2876,1,1
1359.0,1,0,0,3652.0,0,1,0.0165,1,0
648.0,2,2,4,396.0,1,0,0.2718,1,1
986.0,1,1,1,831.0,0,1,0.0108,1,0
857.0,1,0,0,1858.0,0,1,0.04,1,0
316.0,1,2,0,4210.0,0,1,0.0649,1,0
630.0,0,1,2,861.0,0,1,0.0383,0,0
1094.0,1,0,0,2669.0,0,1,0.1034,1,0
432.0,1,0,0,124.0,0,1,0.01,1,0
695.0,4,2,2,105.0,1,0,0.2088,1,1
720.0,0,0,0,1882.0,0,1,0.1783,0,0
750.0,0,1,0,1551.0,0,1,0.1164,0,0
555.0,6,3,7,203.0,1,0,0.4293,1,1
1054.0,0,1,1,5112.0,0,1,0.021,0,0
1023.0,0,0,0,843.0,0,1,0.1247,0,0
512.0,2,1,3,94.0,1,1,0.1947,1,1
1218.0,1,0,0,2919.0,0,1,0.1515,1,0
268.0,0,1,0,3433.0,0,1,0.1523,0,0
105.0,4,3,3,83.0,1,0,0.1893,1,1
1019.0,0,0,1,862.0,0,1,0.0487,0,0
366.0,0,0,1,3182.0,0,1,0.0875,0,0
626.0,7,3,12,116.0,0,0,0.1942,1,1
521.0,5,0,7,142.0,1,0,0.2387,1,1
568.0,0,0,0,352.0,0,1,0.0395,0,0
1063.0,2,1,0,1499.0,0,1,0.0375,1,0
584.0,0,0,0,801.0,0,0,0.1518,0,0
500.0,1,0,0,1697.0,0,1,0.1164,1,0
585.0,4,1,0,1160.0,0,1,0.0996,1,0
1191.0,0,0,1,2571.0,0,1,0.1177,0,0
715.0,2,2,8,353.0,1,0,0.1522,1,1
737.0,0,0,1,429.0,0,1,0.0354,0,0
761.0,0,1,0,2274.0,0,0,0.0778,0,0
1252.0,1,0,1,962.0,0,1,0.0611,1,0
427.0,4,2,4,200.0,1,0,0.1374,1,1
1260.0,2,0,0,583.0,0,1,0.2318,1,0
873.0,2,1,0,1281.0,0,1,0.0544,1,0
473.0,4,1,2,357.0,1,0,0.2318,1,1
1675.0,2,2,0,1091.0,1,1,0.123,1,0
430.0,1,0,0,1261.0,0,1,0.0119,1,0
676.0,3,0,0,2704.0,0,1,0.0221,1,0
368.0,0,0,1,480.0,0,0,0.066,0,0
1133.0,1,0,0,856.0,0,1,0.1079,1,0
1391.0,1,0,1,182.0,0,1,0.1646,1,0
1384.0,3,1,0,2269.0,0,1,0.075,1,0
1228.0,2,1,0,2542.0,1,1,0.1063,1,0
78.0,7,2,8,209.0,0,0,0.3026,1,1
413.0,10,3,5,153.0,0,0,0.2262,1,1
153.0,4,0,6,43.0,0,0,0.1925,1,1
658.0,5,2,5,168.0,0,1,0.2736,1,1
964.0,0,0,0,1770.0,0,1,0.0263,0,0
437.0,2,1,3,583.0,1,0,0.0602,1,1
1264.0,0,0,0,2021.0,0,1,0.083,0,0
572.0,6,1,3,170.0,1,0,0.2105,1,1
231.0,3,3,7,78.0,1,0,0.1563,1,1
464.0,6,0,6,32.0,1,0,0.1304,1,1
406.0,4,2,0,101.0,0,0,0.1664,1,1
777.0,1,0,0,2121.0,0,1,0.058,1,0
292.0,0,0,0,2001.0,0,1,0.0467,0,0
826.0,0,0,0,3852.0,0,1,0.0725,0,0
1167.0,0,1,0,1337.0,0,1,0.078,0,0
789.0,1,0,1,2210.0,0,1,0.114,1,0
1071.0,3,0,0,451.0,0,1,0.1365,1,0
457.0,4,2,3,348.0,1,0,0.2892,1,1
790.0,1,0,0,430.0,0,1,0.139,1,0
568.0,6,1,4,104.0,1,0,0.1817,1,1
306.0,3,3,3,84.0,1,0,0.0831,1,1
580.0,3,2,4,258.0,1,0,0.288,1,1
399.0,3,2,2,30.0,0,1,0.1949,1,1
1180.0,0,0,0,363.0,0,1,0.1047,0,0
606.0,3,1,0,5.0,0,1,0.396,1,1
808.0,1,1,3,3.0,0,1,0.3905,1,1
450.0,0,0,0,1636.0,0,1,0.0488,0,0
799.0,1,2,0,143.0,0,1,0.072,1,0
658.0,1,1,5,58.0,1,0,0.3165,1,1
679.0,0,1,0,1878.0,0,1,0.0469,0,0
668.0,2,1,0,461.0,0,1,0.0785,1,0
931.0,3,2,3,7.0,1,0,0.2283,1,1
114.0,0,0,0,1541.0,0,1,0.01,0,0
566.0,0,0,0,1571.0,0,1,0.1705,0,0
225.0,6,1,2,124.0,1,0,0.1875,1,1
328.0,1,1,0,889.0,0,1,0.1214,1,0
805.0,1,1,0,1524.0,0,1,0.0298,1,0
1465.0,0,1,0,1662.0,0,1,0.0285,0,0
1158.0,0,0,0,1562.0,0,1,0.0106,0,0
448.0,6,1,4,76.0,1,0,0.4646,1,1
936.0,1,0,0,1043.0,0,1,0.0417,1,0
1208.0,1,1,1,834.0,0,1,0.0677,1,0
546.0,0,0,0,7300.0,0,0,0.0942,0,0
574.0,0,2,0,1218.0,0,1,0.01,0,0
918.0,3,3,3,95.0,1,0,0.4018,1,1
451.0,4,2,3,15.0,1,0,0.2442,1,1
1339.0,2,2,0,4620.0,0,1,0.0577,1,0
606.0,0,1,0,1791.0,0,1,0.0901,0,0
711.0,1,0,0,977.0,0,1,0.0752,1,0
536.0,1,1,0,4476.0,0,1,0.1538,1,0
761.0,2,3,6,71.0,1,1,0.2574,1,1
1193.0,1,0,1,642.0,1,0,0.0898,1,0
190.0,0,0,0,989.0,0,1,0.0239,0,0
943.0,1,0,0,6200.0,0,1,0.1294,1,0
209.0,5,2,2,100.0,1,0,0.2088,1,1
503.0,6,2,6,74.0,1,0,0.451,1,1
960.0,0,0,0,481.0,0,1,0.0821,0,0
404.0,5,1,3,124.0,1,0,0.2933,1,1
763.0,1,1,0,1885.0,0,1,0.0997,1,0
725.0,1,1,0,161.0,0,1,0.0742,1,0
783.0,3,4,6,234.0,1,1,0.1956,1,1
262.0,2,1,5,59.0,1,1,0.1116,1,1
404.0,5,1,4,83.0,1,0,0.3975,1,1
355.0,0,1,0,453.0,0,1,0.0798,0,0
667.0,1,2,0,3514.0,0,1,0.0648,1,0
817.0,4,2,4,157.0,0,1,0.3628,1,1
813.0,1,2,0,2038.0,0,1,0.0508,1,0
1030.0,1,0,0,316.0,0,1,0.1741,1,0
658.0,0,0,0,1710.0,0,1,0.1104,0,0
713.0,5,2,7,89.0,0,1,0.3632,1,1
832.0,1,1,0,1035.0,0,1,0.0157,1,0
621.0,2,1,1,3585.0,0,1,0.0628,1,0
680.0,3,1,6,17.0,1,0,0.1636,1,1
741.0,1,1,0,1717.0,0,1,0.0635,1,0
685.0,2,1,0,583.0,0,1,0.033,1,0
936.0,2,0,0,2342.0,0,1,0.0679,1,0
746.0,1,0,1,7300.0,0,1,0.168,1,0
687.0,2,1,0,583.0,0,1,0.027,1,0
177.0,2,0,3,3973.0,0,1,0.1114,1,0
629.0,4,3,3,20.0,1,1,0.1292,1,1
966.0,0,0,2,94.0,0,1,0.029,0,0
613.0,7,1,6,39.0,0,1,0.1313,1,1
765.0,2,0,1,2715.0,0,1,0.0275,1,0
914.0,0,0,0,452.0,0,1,0.0992,0,0
1133.0,0,0,1,2132.0,0,1,0.0131,0,0
516.0,2,0,0,360.0,0,1,0.1124,1,0
698.0,3,4,7,56.0,1,0,0.157,1,1
540.0,0,0,0,1602.0,0,1,0.0957,0,0
1102.0,1,0,2,152.0,0,1,0.0879,1,0
533.0,5,1,5,54.0,1,0,0.1251,1,1
540.0,3,2,3,135.0,0,0,0.1006,1,1
144.0,2,1,1,93.0,1,0,0.2108,1,1
1047.0,0,1,1,728.0,0,1,0.1712,0,0
437.0,2,2,3,18.0,1,0,0.3176,1,1
447.0,0,0,2,522.0,0,1,0.2737,0,0
681.0,1,0,0,547.0,0,1,0.0123,1,0
881.0,0,2,0,2783.0,0,1,0.0226,0,0
1075.0,0,1,0,709.0,0,1,0.0912,0,0
604.0,1,0,2,160.0,0,1,0.2386,1,0
50.0,0,0,1,2388.0,0,1,0.0974,0,0
393.0,1,2,8,277.0,1,1,0.3946,1,1
1066.0,0,1,0,3300.0,0,1,0.105,0,0
189.0,1,1,2,1521.0,0,1,0.0127,1,0
587.0,1,0,0,1085.0,0,1,0.0812,1,0
374.0,1,1,5,6.0,1,0,0.2746,1,1
1306.0,2,0,1,2706.0,0,1,0.0207,1,0
1128.0,0,2,0,1611.0,0,1,0.01,0,0
624.0,4,3,6,156.0,0,1,0.1256,1,1
531.0,4,2,1,65.0,1,0,0.3217,1,1
754.0,1,0,1,6625.0,0,1,0.0391,1,0
606.0,2,4,1,399.0,1,0,0.2631,1,1
415.0,3,2,8,23.0,0,0,0.287,1,1
378.0,1,1,6,290.0,1,0,0.2439,1,1
1153.0,0,0,0,844.0,0,1,0.166,0,0
606.0,2,2,5,204.0,1,0,0.2533,1,1
1282.0,0,0,0,428.0,0,1,0.0178,0,0
564.0,1,1,0,4153.0,0,1,0.041,1,0
780.0,1,0,0,603.0,0,1,0.0941,1,0
477.0,0,0,0,5447.0,0,1,0.0657,0,0
802.0,2,0,0,120.0,0,1,0.0222,1,0
714.0,2,2,5,41.0,0,0,0.2895,1,1
629.0,3,0,0,382.0,0,1,0.0649,1,0
297.0,1,0,0,2741.0,0,1,0.1041,1,0
1042.0,1,0,0,1308.0,0,1,0.0179,1,0
1050.0,2,0,0,4417.0,0,1,0.1452,1,0
539.0,6,2,3,45.0,0,1,0.321,1,1
1266.0,1,0,0,2721.0,0,1,0.0699,1,0
1674.0,0,0,0,321.0,0,1,0.095,0,0
816.0,0,0,0,272.0,0,1,0.0333,0,0
575.0,1,1,0,3511.0,0,1,0.0333,1,0
1788.0,0,0,0,550.0,0,1,0.0246,0,0
723.0,5,1,3,157.0,1,0,0.1024,1,1
396.0,5,2,5,141.0,1,0,0.2598,1,1
862.0,2,2,0,753.0,0,1,0.0993,1,0
362.0,4,2,5,8.0,0,0,0.1328,1,1
254.0,1,1,6,32.0,0,1,0.4097,1,1
379.0,5,1,6,28.0,0,0,0.222,1,1
467.0,2,0,0,1159.0,0,1,0.0952,1,0
680.0,1,0,1,4421.0,0,1,0.0168,1,0
447.0,1,0,0,116.0,0,1,0.0176,1,0
553.0,2,1,4,144.0,1,0,0.3359,1,1
442.0,1,3,4,319.0,0,1,0.1798,1,1
277.0,3,1,0,289.0,0,1,0.1092,1,0
1239.0,1,0,0,1162.0,0,1,0.0596,1,0
566.0,1,2,4,30.0,1,0,0.3061,1,1
460.0,3,3,5,583.0,1,0,0.2004,1,1
834.0,4,2,7,159.0,1,1,0.1636,1,1
273.0,2,3,5,169.0,1,0,0.2354,1,1
188.0,1,1,1,1375.0,0,1,0.0687,1,0
916.0,1,0,0,2425.0,0,1,0.0761,1,0
556.0,1,1,5,91.0,1,0,0.1113,1,1
1398.0,1,0,0,5180.0,0,1,0.1391,1,0
983.0,2,0,1,92.0,0,1,0.028,1,0
818.0,1,1,5,15.0,1,0,0.3778,1,1
539.0,0,0,0,1858.0,0,1,0.0496,0,0
50.0,3,3,5,8.0,0,0,0.4058,1,1
1014.0,0,0,0,1003.0,0,1,0.0229,0,0
658.0,8,2,4,149.0,1,0,0.3276,1,1
723.0,2,0,0,1033.0,0,1,0.1322,1,0
820.0,1,1,0,3258.0,0,1,0.0136,1,0
588.0,0,1,0,2252.0,0,1,0.018,0,0
679.0,1,1,1,268.0,0,1,0.0652,1,0
104.0,5,2,0,333.0,0,1,0.1516,1,1
711.0,9,2,2,100.0,1,1,0.3681,1,1
904.0,0,0,0,2447.0,1,1,0.013,0,0
529.0,2,0,0,2055.0,0,0,0.0682,1,0
1464.0,0,0,0,3682.0,0,1,0.0754,0,0
830.0,0,0,0,347.0,0,1,0.0104,0,0
276.0,4,2,5,69.0,0,0,0.1348,1,1
746.0,3,3,5,199.0,1,1,0.2982,1,1
597.0,5,2,3,282.0,1,0,0.2761,1,1
344.0,4,1,7,291.0,0,0,0.2081,1,1
650.0,0,0,1,583.0,0,1,0.0414,0,0
745.0,7,3,6,216.0,0,1,0.1016,1,1
539.0,5,2,3,35.0,1,0,0.2997,1,1
281.0,2,2,3,3.0,1,0,0.2849,1,1
389.0,3,2,6,50.0,1,0,0.1444,1,1
648.0,0,1,1,5501.0,0,1,0.0592,0,0
438.0,6,0,4,250.0,1,0,0.0808,1,1
531.0,0,2,0,2255.0,1,1,0.042,0,0
588.0,1,0,1,308.0,0,1,0.0184,1,0
643.0,0,1,0,4198.0,0,1,0.0646,0,0
519.0,5,2,4,45.0,1,0,0.161,1,1
371.0,1,4,5,137.0,0,0,0.2704,1,1
342.0,4,3,3,118.0,1,0,0.4008,1,1
91.0,5,2,2,172.0,1,1,0.2032,1,1
781.0,0,0,0,1678.0,0,1,0.1271,0,0
468.0,5,2,6,83.0,0,0,0.2599,1,1
815.0,0,0,0,571.0,1,1,0.055,0,0
1157.0,0,0,0,1875.0,0,1,0.0739,0,0
733.0,1,1,1,2435.0,0,1,0.0632,1,0
738.0,4,3,7,57.0,0,1,0.2319,1,1
191.0,3,3,3,79.0,1,0,0.144,1,1
1002.0,0,0,0,2292.0,0,0,0.058,0,0
658.0,1,1,1,3318.0,0,1,0.0352,1,0
295.0,5,2,6,208.0,0,0,0.1884,1,1
834.0,0,0,0,152.0,0,1,0.1195,0,0
652.0,2,2,6,381.0,1,1,0.1137,1,1
465.0,2,0,1,218.0,1,0,0.1878,1,1
658.0,0,0,0,1564.0,0,1,0.1491,0,0
287.0,0,0,0,3695.0,0,1,0.1597,0,0
414.0,7,4,5,156.0,0,0,0.3783,1,1
658.0,4,1,2,583.0,1,0,0.5174,1,1
665.0,0,0,0,870.0,0,1,0.0169,0,0
261.0,2,1,9,227.0,1,0,0.1338,1,1
793.0,0,0,0,430.0,0,1,0.1031,0,0
458.0,1,0,1,2089.0,0,1,0.018,1,0
302.0,2,3,3,121.0,0,0,0.422,1,1
848.0,2,2,3,10.0,1,0,0.3204,1,1
1286.0,0,1,0,875.0,0,1,0.0899,0,0
190.0,0,1,6,19.0,0,0,0.1155,0,1
731.0,0,0,0,810.0,0,1,0.0508,0,0
435.0,1,0,0,6383.0,0,1,0.0426,1,0
999.0,0,0,0,126.0,0,1,0.0176,0,0
238.0,4,2,7,44.0,0,0,0.2417,1,1
618.0,0,1,0,7300.0,0,1,0.1563,0,0
1098.0,2,0,0,1122.0,0,1,0.0774,1,0
810.0,0,1,0,5248.0,0,1,0.0781,0,0
808.0,4,2,2,126.0,0,1,0.3917,1,1
614.0,4,1,4,38.0,0,0,0.176,1,1
311.0,3,2,2,43.0,0,1,0.1965,1,1
837.0,1,0,0,3978.0,0,1,0.0247,1,0
688.0,0,1,1,341.0,0,1,0.0754,0,0
1019.0,1,0,1,3763.0,0,1,0.1886,1,0
56.0,2,1,6,39.0,0,1,0.3117,1,1
873.0,4,1,6,149.0,0,0,0.2618,1,1
231.0,0,0,0,262.0,0,1,0.1132,0,0
809.0,3,0,2,45.0,1,0,0.2701,1,1
742.0,1,0,0,886.0,0,1,0.0425,1,0
1044.0,1,1,0,2286.0,0,1,0.1295,1,0
507.0,1,0,0,112.0,0,1,0.0518,1,0
907.0,1,0,0,5505.0,0,1,0.014,1,0
344.0,1,1,0,1431.0,0,1,0.1243,1,0
958.0,0,1,0,888.0,0,1,0.1209,0,0
675.0,1,1,0,1572.0,0,1,0.0294,1,0
378.0,3,1,3,409.0,0,1,0.3064,1,1
1044.0,0,0,0,664.0,0,1,0.044,0,0
368.0,1,1,0,709.0,0,1,0.0557,1,0
503.0,4,2,5,334.0,1,0,0.2577,1,1
960.0,0,1,0,2085.0,0,1,0.0449,0,0
1534.0,1,1,1,2295.0,0,1,0.0528,1,0
523.0,7,1,3,393.0,1,1,0.1212,1,1
1006.0,0,0,0,790.0,0,1,0.0327,0,0
762.0,0,0,1,1291.0,0,1,0.0215,0,0
1479.0,3,0,1,1495.0,0,1,0.0924,1,0
484.0,2,4,5,569.0,1,0,0.4069,1,1
833.0,1,1,0,1820.0,0,1,0.0508,1,0
332.0,3,1,5,226.0,0,0,0.1777,1,1
50.0,0,0,1,724.0,1,1,0.0752,0,0
904.0,3,0,0,752.0,0,1,0.0728,1,0
848.0,1,0,0,1956.0,0,1,0.0214,1,0
909.0,7,2,8,155.0,0,1,0.4201,1,1
762.0,0,0,0,349.0,0,1,0.0481,0,0
1884.0,2,0,0,100.0,0,1,0.01,1,0
709.0,0,0,0,144.0,0,0,0.0645,0,0
978.0,0,0,0,3728.0,0,1,0.0566,0,0
246.0,6,1,12,82.0,0,0,0.4542,1,1
903.0,0,0,1,2018.0,0,1,0.0292,0,0
716.0,0,0,0,4852.0,0,1,0.1634,0,0
656.0,1,2,0,332.0,0,1,0.0185,1,0
90.0,0,3,3,189.0,0,0,0.2226,0,1
1212.0,2,0,0,1484.0,0,0,0.1068,1,0
847.0,1,0,0,3405.0,0,1,0.01,1,0
662.0,3,2,5,99.0,0,0,0.1012,1,1
562.0,1,1,8,436.0,1,1,0.3596,1,1
1746.0,1,0,0,1938.0,0,1,0.026,1,0
719.0,0,0,0,4643.0,0,1,0.0942,0,0
1186.0,1,1,1,3359.0,0,1,0.0376,1,0
1304.0,1,0,0,3695.0,0,1,0.0289,1,0
876.0,1,0,0,94.0,0,1,0.051,1,0
505.0,1,0,1,1390.0,0,1,0.2786,1,0
50.0,1,0,2,2837.0,0,0,0.0691,1,0
1039.0,2,0,0,450.0,0,1,0.0917,1,0
417.0,2,1,7,357.0,1,0,0.1041,1,1
260.0,6,3,3,106.0,1,1,0.2934,1,1
362.0,2,2,0,1630.0,0,1,0.01,1,0
707.0,0,0,1,3520.0,0,1,0.02,0,0
811.0,0,0,0,1106.0,0,1,0.0443,0,0
390.0,2,1,2,13.0,0,1,0.2383,1,1
409.0,1,0,0,1450.0,0,1,0.0308,1,0
1218.0,0,0,0,1965.0,0,1,0.0371,0,0
591.0,0,1,1,1398.0,0,1,0.072,0,0
213.0,1,0,0,1252.0,0,1,0.0436,1,0
761.0,0,0,0,3407.0,0,1,0.0746,0,0
812.0,0,1,2,265.0,0,1,0.0671,0,0
856.0,2,0,0,1671.0,0,1,0.01,1,0
613.0,5,0,4,32.0,1,1,0.2926,1,1
717.0,0,0,1,1579.0,0,1,0.0596,0,0
411.0,6,1,5,101.0,1,0,0.2723,1,1
353.0,1,1,3,151.0,0,1,0.1235,1,1
1087.0,2,0,0,1076.0,0,1,0.106,1,0
864.0,0,1,0,3004.0,0,1,0.1086,0,0
652.0,1,1,0,920.0,1,1,0.0623,1,0
133.0,0,0,0,1412.0,1,1,0.0439,0,0
433.0,8,1,9,216.0,0,0,0.289,1,1
487.0,4,1,6,208.0,0,0,0.2675,1,1
593.0,1,1,0,2177.0,0,1,0.0701,1,0
925.0,2,0,1,3264.0,0,0,0.1048,1,0
497.0,1,2,6,43.0,0,1,0.2123,1,1
787.0,11,2,6,127.0,0,0,0.1164,1,1
577.0,3,3,3,73.0,1,0,0.4032,1,1
1052.0,0,1,1,3081.0,0,1,0.0341,0,0
609.0,0,0,2,7300.0,0,1,0.165,0,0
552.0,4,1,4,106.0,1,0,0.2508,1,1
644.0,4,1,6,803.0,1,0,0.1799,1,1
477.0,0,0,2,469.0,1,1,0.0765,0,0
602.0,1,1,0,1216.0,0,1,0.0484,1,0
885.0,0,0,0,1336.0,0,1,0.0441,0,0
635.0,0,0,2,1840.0,0,1,0.0378,0,0
1014.0,2,1,0,1131.0,0,0,0.1802,1,0
517.0,4,1,5,198.0,1,0,0.2613,1,1
316.0,1,0,1,169.0,1,1,0.0704,1,0
586.0,4,2,2,430.0,1,1,0.3478,1,1
50.0,0,0,0,436.0,0,1,0.1443,0,0
644.0,1,3,7,28.0,0,1,0.3299,1,1
393.0,5,2,5,313.0,1,0,0.2072,1,1
578.0,1,0,0,470.0,0,1,0.155,1,0
1235.0,0,0,0,583.0,0,0,0.0885,0,0
1229.0,0,0,1,2160.0,0,1,0.011,0,0
682.0,0,0,0,846.0,0,1,0.0712,0,0
510.0,4,4,1,66.0,1,1,0.2915,1,1
724.0,3,3,5,268.0,1,0,0.3551,1,1
590.0,0,0,1,595.0,0,1,0.0534,0,0
570.0,1,0,0,900.0,0,1,0.176,1,0
555.0,0,0,1,7300.0,0,1,0.0373,0,0
694.0,6,3,4,163.0,1,1,0.0842,1,1
664.0,0,1,0,234.0,0,1,0.0114,0,0
577.0,1,1,0,1414.0,1,1,0.0601,1,0
872.0,1,0,0,1227.0,0,0,0.0623,1,0
926.0,1,1,0,236.0,0,1,0.0688,1,0
481.0,1,1,0,706.0,0,1,0.0589,1,0
301.0,3,2,2,144.0,0,0,0.4076,1,1
456.0,1,1,1,3198.0,0,1,0.0812,1,0
233.0,1,0,1,2304.0,0,1,0.0285,1,0
748.0,4,2,2,158.0,0,0,0.1692,1,1
392.0,3,2,3,155.0,1,0,0.2017,1,1
912.0,0,2,0,756.0,0,1,0.0693,0,0
50.0,1,0,2,1209.0,0,1,0.0666,1,0
1287.0,1,0,0,103.0,0,1,0.0901,1,0
1035.0,0,1,0,508.0,0,1,0.1321,0,0
274.0,2,1,2,517.0,0,1,0.1482,1,0
282.0,3,1,0,203.0,0,1,0.0385,1,0
1385.0,0,1,0,1182.0,0,1,0.1324,0,0
658.0,6,3,3,137.0,0,1,0.1801,1,1
508.0,0,1,1,97.0,1,1,0.0186,0,0
705.0,3,2,1,192.0,1,0,0.178,1,1
677.0,1,0,0,3896.0,0,1,0.0139,1,0
453.0,1,1,7,136.0,0,0,0.0994,1,1
813.0,2,2,7,223.0,1,1,0.2509,1,1
432.0,5,0,6,66.0,0,0,0.1723,1,1
473.0,3,3,5,23.0,1,0,0.2252,1,1
517.0,4,1,5,313.0,0,1,0.3064,1,1
1152.0,2,1,1,3023.0,0,1,0.0901,1,0
250.0,2,0,0,302.0,0,1,0.0467,1,0
1178.0,2,0,0,583.0,0,1,0.1219,1,0
362.0,6,0,7,60.0,1,1,0.2264,1,1
620.0,4,1,5,12.0,1,1,0.2051,1,1
775.0,0,0,1,1820.0,0,1,0.1054,0,0
50.0,1,0,0,985.0,0,1,0.0511,1,0
746.0,3,0,0,1744.0,0,1,0.0251,1,0
434.0,4,2,1,3.0,1,0,0.2604,1,1
487.0,0,1,0,2705.0,0,1,0.0531,0,0
664.0,0,0,0,3286.0,0,1,0.0331,0,0
738.0,0,1,0,2048.0,0,1,0.0458,0,0
50.0,4,0,0,7300.0,1,1,0.1561,1,0
394.0,5,3,1,97.0,0,0,0.1938,1,1
778.0,4,1,5,488.0,1,0,0.2293,1,1
472.0,3,2,5,94.0,1,0,0.2213,1,1
769.0,2,1,0,774.0,0,1,0.0143,1,0
1240.0,0,0,0,899.0,0,1,0.0385,0,0
942.0,1,0,0,1132.0,0,1,0.0542,1,0
210.0,3,2,5,65.0,0,0,0.1633,1,1
487.0,2,1,1,227.0,0,1,0.0302,1,0
1079.0,0,0,0,1332.0,0,1,0.0488,0,0
144.0,0,0,1,406.0,0,1,0.0495,0,0
503.0,7,1,4,191.0,0,0,0.2707,1,1
415.0,0,1,2,146.0,0,1,0.0192,0,0
544.0,2,2,1,192.0,0,0,0.2037,1,1
856.0,0,0,2,993.0,0,0,0.0268,0,0
1025.0,1,0,0,264.0,0,1,0.0755,1,0
828.0,0,0,0,940.0,0,1,0.0521,0,0
186.0,1,1,0,3070.0,0,1,0.0718,1,0
498.0,0,1,0,356.0,0,1,0.01,0,0
1035.0,0,0,0,7300.0,0,1,0.0293,0,0
858.0,1,0,0,198.0,0,1,0.1363,1,0
50.0,4,2,5,15.0,1,0,0.5468,1,1
941.0,0,1,0,2774.0,0,1,0.0966,0,0
669.0,2,3,6,12.0,1,0,0.2465,1,1
521.0,0,0,0,1268.0,0,1,0.1327,0,0
417.0,3,1,6,379.0,1,1,0.1433,1,1
50.0,0,0,0,2352.0,0,1,0.1301,0,0
1385.0,1,0,0,446.0,0,1,0.1008,1,0
954.0,0,0,1,3489.0,0,1,0.1768,0,0
1229.0,1,1,1,1485.0,0,1,0.1251,1,0
246.0,0,0,0,1519.0,0,1,0.2445,0,0
661.0,3,2,1,19.0,1,0,0.2827,1,1
457.0,4,2,6,360.0,0,1,0.2481,1,1
93.0,2,1,6,57.0,0,0,0.3578,1,1
424.0,6,2,6,76.0,1,0,0.2091,1,1
800.0,2,0,0,263.0,0,1,0.0701,1,0
259.0,1,0,1,2420.0,0,1,0.01,1,0
972.0,0,0,0,567.0,0,1,0.1908,0,0
1091.0,0,1,0,683.0,0,1,0.0356,0,0
589.0,1,1,0,117.0,0,1,0.0366,1,0
1208.0,3,1,0,4125.0,0,1,0.0899,1,0
216.0,1,0,0,2508.0,0,1,0.0106,1,0
276.0,0,1,0,359.0,0,0,0.105,0,0
441.0,2,0,2,249.0,0,1,0.2626,1,1
571.0,5,3,4,43.0,1,1,0.3023,1,1
549.0,0,0,0,1315.0,1,1,0.1286,0,0
530.0,4,1,6,36.0,1,0,0.4739,1,1
651.0,0,1,5,187.0,1,0,0.135,0,1
1100.0,2,0,1,1972.0,0,1,0.1518,1,0
756.0,0,1,0,3965.0,0,1,0.0545,0,0
1010.0,0,1,0,1003.0,0,1,0.0264,0,0
710.0,3,3,4,61.0,1,1,0.2087,1,1
435.0,3,1,3,224.0,0,0,0.1125,1,1
515.0,0,0,1,322.0,0,1,0.0323,0,0
1536.0,2,1,0,582.0,0,1,0.0342,1,0
812.0,2,0,0,506.0,0,1,0.0856,1,0
318.0,0,0,0,7300.0,0,1,0.0221,0,0
1278.0,2,1,0,953.0,0,1,0.0741,1,0
205.0,3,2,3,377.0,0,0,0.1228,1,1
795.0,5,2,6,23.0,0,1,0.1813,1,1
70.0,6,3,6,124.0,0,0,0.18,1,1
329.0,5,2,1,124.0,1,1,0.1694,1,1
459.0,1,2,7,298.0,1,0,0.2998,1,1
1141.0,1,0,2,1245.0,0,1,0.0208,1,0
800.0,1,2,0,5632.0,0,1,0.0471,1,0
1040.0,0,0,0,1603.0,0,1,0.0431,0,0
368.0,2,2,3,29.0,1,0,0.2789,1,1
956.0,0,0,1,1637.0,0,1,0.0568,0,0
486.0,6,3,3,87.0,1,0,0.2264,1,1
1378.0,0,0,0,963.0,0,1,0.0928,0,0
1018.0,1,1,0,2919.0,0,1,0.0367,1,0
883.0,1,0,0,1075.0,0,0,0.0616,1,0
970.0,1,1,2,279.0,0,1,0.2057,1,0
608.0,3,2,1,22.0,1,0,0.2843,1,1
384.0,4,2,4,16.0,1,0,0.2049,1,1
1496.0,2,0,0,1587.0,0,1,0.1954,1,0
937.0,0,0,0,3281.0,0,0,0.0601,0,0
1356.0,4,0,1,1463.0,0,1,0.0233,1,0
600.0,0,0,0,2557.0,0,1,0.0917,0,0
521.0,1,0,0,1957.0,0,1,0.0295,1,0
742.0,5,1,10,271.0,0,0,0.283,1,1
952.0,0,0,1,525.0,0,1,0.0867,0,0
662.0,0,0,1,3954.0,0,1,0.1451,0,0
988.0,0,1,0,670.0,0,1,0.1203,0,0
907.0,1,0,0,614.0,0,1,0.0652,1,0
450.0,0,1,0,626.0,0,1,0.1537,0,0
981.0,1,1,0,271.0,0,1,0.0826,1,0
1102.0,0,2,0,1332.0,0,1,0.0174,0,0
860.0,1,0,0,804.0,0,1,0.0568,1,0
1203.0,3,1,0,583.0,0,1,0.0217,1,0
373.0,1,0,0,1176.0,0,1,0.1265,1,0
963.0,2,1,2,1410.0,0,1,0.0496,1,0
846.0,6,1,4,239.0,0,0,0.3823,1,1
410.0,1,0,0,3128.0,0,1,0.0215,1,0
579.0,0,1,0,1465.0,0,1,0.1084,0,0
470.0,0,0,0,510.0,0,1,0.1532,0,0
608.0,1,0,0,4267.0,0,1,0.0427,1,0
725.0,0,0,0,298.0,0,1,0.0107,0,0
697.0,4,1,2,108.0,1,1,0.4756,1,1
658.0,1,2,6,36.0,1,0,0.2306,1,1
245.0,1,2,1,226.0,0,1,0.042,1,0
1199.0,0,1,1,583.0,0,1,0.098,0,0
507.0,0,1,0,774.0,0,1,0.0164,0,0
50.0,2,3,1,214.0,1,0,0.4344,1,1
956.0,1,0,2,673.0,0,1,0.0987,1,0
869.0,1,0,0,1432.0,0,1,0.0291,1,0
1182.0,0,0,1,6547.0,0,1,0.0849,0,0
967.0,0,0,1,1788.0,0,1,0.0261,0,0
658.0,0,1,0,722.0,0,1,0.0894,0,0
1562.0,1,1,0,1193.0,0,1,0.0348,1,0
868.0,1,0,1,2118.0,0,1,0.1784,1,0
435.0,5,2,5,234.0,1,1,0.2315,1,1
1137.0,0,0,0,4439.0,0,1,0.0654,0,0
887.0,1,0,1,3727.0,0,1,0.13,1,0
916.0,3,1,6,63.0,1,0,0.1521,1,1
1672.0,0,0,1,2856.0,0,0,0.0262,0,0
703.0,0,0,0,5228.0,0,1,0.0412,0,0
688.0,2,1,1,776.0,1,1,0.0823,1,0
840.0,1,0,2,579.0,0,1,0.0361,1,0
218.0,5,2,6,456.0,1,0,0.05,1,1
272.0,1,1,1,311.0,0,1,0.0719,1,0
112.0,0,0,0,5925.0,0,1,0.0835,0,0
594.0,2,1,2,983.0,0,1,0.0786,1,0
228.0,1,0,0,971.0,0,1,0.0228,1,0
751.0,4,0,7,53.0,1,0,0.2531,1,1
975.0,0,0,1,412.0,0,1,0.1664,0,0
488.0,2,1,0,1369.0,0,1,0.2708,1,0
660.0,8,1,5,47.0,0,0,0.2379,1,1
824.0,1,0,1,1530.0,0,1,0.035,1,0
304.0,1,1,6,70.0,0,1,0.2678,1,1
704.0,3,1,7,130.0,0,1,0.1711,1,1
196.0,3,2,2,38.0,1,0,0.2324,1,1
1086.0,0,1,0,1134.0,0,1,0.1784,0,0
1133.0,1,0,1,911.0,0,1,0.1579,1,0
353.0,3,2,3,583.0,1,0,0.3312,1,1
1570.0,1,1,0,736.0,0,1,0.0775,1,0
675.0,2,1,0,1951.0,0,0,0.181,1,0
789.0,2,2,3,120.0,0,0,0.0966,1,1
452.0,4,1,1,187.0,0,0,0.1082,1,1
800.0,1,0,0,837.0,1,1,0.2562,1,0
1336.0,1,1,0,1169.0,0,0,0.0259,1,0
329.0,0,0,0,425.0,0,1,0.0489,0,0
50.0,3,2,6,89.0,0,1,0.6267,1,1
559.0,2,1,7,100.0,0,0,0.293,1,1
1157.0,0,0,2,1113.0,0,1,0.0924,0,0
672.0,2,1,0,324.0,0,1,0.0852,1,0
430.0,3,3,2,17.0,0,0,0.4996,1,1
919.0,0,1,1,1279.0,0,0,0.0697,0,0
1325.0,2,2,1,2959.0,0,1,0.0794,1,0
156.0,3,0,4,224.0,1,1,0.1169,1,1
1158.0,0,1,0,583.0,0,1,0.0245,0,0
1724.0,1,0,1,1841.0,0,1,0.0213,1,0
1009.0,0,1,0,1294.0,0,1,0.0947,0,0
817.0,2,1,0,719.0,0,1,0.0666,1,0
303.0,2,2,5,231.0,0,1,0.2076,1,1
672.0,0,0,0,736.0,0,1,0.0289,0,0
785.0,5,2,2,106.0,1,0,0.3037,1,1
863.0,2,0,2,455.0,0,1,0.0352,1,0
704.0,0,1,0,1711.0,0,1,0.0773,0,0
507.0,1,0,2,1081.0,0,1,0.01,1,0
1184.0,1,0,0,2681.0,0,1,0.0371,1,0
1103.0,1,0,1,495.0,0,1,0.0729,1,0
625.0,4,1,0,656.0,0,1,0.0121,1,0
1001.0,0,1,1,1005.0,0,1,0.0216,0,0
272.0,3,0,0,417.0,0,1,0.0562,1,0
372.0,3,2,1,171.0,1,1,0.1242,1,1
50.0,4,1,3,9.0,1,0,0.1294,1,1
569.0,3,1,3,186.0,1,0,0.2493,1,1
530.0,0,1,0,1711.0,0,1,0.0105,0,0
352.0,1,0,1,219.0,0,0,0.2233,1,0
645.0,2,3,4,316.0,0,0,0.3511,1,1
332.0,0,0,0,3884.0,0,1,0.2223,0,0
1267.0,0,0,0,3718.0,0,1,0.0475,0,0
802.0,3,2,4,100.0,1,0,0.1155,1,1
169.0,5,2,2,129.0,1,1,0.17,1,1
1227.0,2,1,0,439.0,0,1,0.0518,1,0
846.0,2,0,1,96.0,0,1,0.0365,1,0
732.0,2,1,3,360.0,1,0,0.1179,1,1
683.0,1,0,0,2271.0,0,1,0.0449,1,0
569.0,8,3,2,90.0,0,1,0.3098,1,1
607.0,5,3,3,110.0,0,0,0.2735,1,1
50.0,4,1,4,20.0,1,0,0.2648,1,1
785.0,0,0,0,5272.0,0,0,0.0467,0,0
1060.0,2,1,1,397.0,0,1,0.0176,1,0
411.0,7,3,2,35.0,1,0,0.3344,1,1
743.0,1,1,0,4098.0,0,1,0.01,1,0
730.0,7,1,3,175.0,1,1,0.3444,1,1
825.0,0,0,0,2969.0,0,1,0.13,0,0
1058.0,1,0,0,997.0,0,0,0.0116,1,0
265.0,4,3,9,222.0,0,1,0.099,1,1
471.0,4,1,5,59.0,0,1,0.298,1,1
605.0,4,1,2,97.0,0,0,0.4776,1,1
408.0,3,2,5,49.0,1,0,0.3084,1,1
594.0,1,1,1,1422.0,0,1,0.065,1,0
759.0,1,0,3,89.0,1,0,0.3032,1,1
521.0,2,3,5,38.0,1,1,0.4666,1,1
922.0,0,2,1,749.0,0,1,0.0478,0,0
486.0,1,0,0,1942.0,0,1,0.0676,1,0
1171.0,0,0,0,363.0,0,1,0.037,0,0
1618.0,0,0,1,4123.0,0,1,0.0798,0,0
575.0,5,2,4,160.0,0,0,0.165,1,1
986.0,0,1,1,3391.0,0,1,0.0302,0,0
545.0,0,1,0,2216.0,0,1,0.1261,0,0
1164.0,2,2,0,840.0,0,1,0.1404,1,0
357.0,2,0,0,803.0,0,1,0.1374,1,0
968.0,0,0,0,6178.0,0,1,0.0754,0,0
494.0,1,0,0,480.0,0,1,0.0215,1,0
380.0,4,0,10,49.0,0,0,0.3435,1,1
439.0,0,0,2,455.0,0,1,0.0521,0,0
658.0,1,2,0,4334.0,0,1,0.024,1,0
507.0,1,0,0,2528.0,0,1,0.0251,1,0
705.0,1,1,6,237.0,0,0,0.3866,1,1
679.0,0,0,0,3893.0,0,1,0.0269,0,0
559.0,5,2,3,46.0,1,0,0.1125,1,1
367.0,5,3,2,51.0,0,1,0.5385,1,1
520.0,5,1,3,207.0,1,1,0.1367,1,1
873.0,0,1,0,495.0,0,1,0.0662,0,0
210.0,2,1,5,583.0,0,0,0.4085,1,1
527.0,0,0,0,1254.0,0,1,0.0432,0,0
520.0,6,1,4,47.0,0,1,0.2324,1,1
1324.0,1,0,1,132.0,0,1,0.0742,1,0
514.0,2,1,2,580.0,0,1,0.0152,1,0
290.0,0,0,0,1724.0,0,1,0.0958,0,0
905.0,2,0,0,3698.0,0,1,0.0333,1,0
458.0,2,3,6,22.0,0,0,0.3332,1,1
1454.0,0,1,0,957.0,0,1,0.1053,0,0
812.0,1,1,0,931.0,1,1,0.0863,1,0
519.0,0,1,2,715.0,0,1,0.0575,0,0
170.0,3,2,3,75.0,0,0,0.2513,1,1
463.0,2,1,4,586.0,0,1,0.3454,1,1
809.0,6,1,3,102.0,0,0,0.2872,1,1
345.0,6,2,6,583.0,1,1,0.2672,1,1
1134.0,0,0,0,4243.0,0,0,0.1062,0,0
630.0,3,0,3,1488.0,0,1,0.0634,1,0
658.0,2,0,4,191.0,0,1,0.1949,1,1
794.0,0,0,0,542.0,0,1,0.0454,0,0
1039.0,1,2,1,1695.0,0,0,0.01,1,0
1006.0,1,0,0,4600.0,1,1,0.0168,1,0
722.0,1,0,0,1450.0,0,0,0.1258,1,0
822.0,3,0,0,5030.0,0,1,0.0667,1,0
473.0,4,1,3,40.0,0,1,0.19,1,1
282.0,0,0,0,252.0,0,0,0.0836,0,0
890.0,1,0,0,2953.0,0,1,0.0222,1,0
1462.0,1,0,3,3897.0,0,1,0.0503,1,0
628.0,3,2,2,172.0,0,1,0.0936,1,1
529.0,1,0,0,284.0,0,1,0.0507,1,0
814.0,1,1,5,8.0,1,1,0.278,1,1
572.0,4,1,3,222.0,0,0,0.175,1,1
956.0,3,1,0,1130.0,0,1,0.1282,1,0
613.0,0,3,1,40.0,1,0,0.2821,0,1
74.0,2,2,2,63.0,0,0,0.1335,1,1
767.0,2,0,3,23.0,0,0,0.1736,1,1
509.0,3,1,3,369.0,0,0,0.2594,1,1
850.0,0,0,0,1831.0,0,1,0.1264,0,0
1105.0,1,1,0,2137.0,0,1,0.0694,1,0
362.0,0,0,0,997.0,0,0,0.0545,0,0
263.0,1,0,1,829.0,0,1,0.0704,1,0
349.0,1,0,5,113.0,1,1,0.2812,1,1
585.0,1,2,0,220.0,0,1,0.0558,1,0
455.0,2,2,3,28.0,1,0,0.1925,1,1
395.0,4,2,5,135.0,0,0,0.2288,1,1
276.0,4,1,6,66.0,1,0,0.1935,1,1
539.0,4,2,5,19.0,1,0,0.2366,1,1
490.0,0,0,1,7300.0,0,1,0.0159,0,0
846.0,1,1,2,4718.0,0,1,0.0308,1,0
666.0,3,1,0,3192.0,0,1,0.0659,1,0
337.0,1,0,1,2495.0,0,1,0.0443,1,0
918.0,1,1,0,5308.0,0,1,0.1352,1,0
658.0,0,0,0,2600.0,1,1,0.1329,0,0
254.0,1,1,8,107.0,1,1,0.3806,1,1
376.0,2,1,0,1745.0,0,0,0.0498,1,0
1356.0,1,0,0,746.0,0,0,0.2054,1,0
478.0,6,0,4,110.0,1,0,0.2334,1,1
1137.0,1,1,0,875.0,0,1,0.0221,1,0
693.0,3,2,1,1024.0,0,1,0.1065,1,0
697.0,2,2,4,52.0,1,0,0.2092,1,1
1483.0,0,1,1,3619.0,0,1,0.0552,0,0
308.0,3,1,7,28.0,1,0,0.2816,1,1
537.0,1,0,0,870.0,0,1,0.0226,1,0
65.0,5,3,5,71.0,1,0,0.3924,1,1
1208.0,0,1,1,2981.0,0,1,0.0187,0,0
791.0,1,1,1,146.0,0,1,0.1088,1,0
1247.0,2,0,0,1718.0,0,1,0.0514,1,0
586.0,5,0,3,34.0,0,1,0.1439,1,1
423.0,0,1,0,152.0,0,1,0.0328,0,0
564.0,0,0,0,1454.0,0,1,0.0391,0,0
429.0,2,1,3,43.0,0,0,0.2763,1,1
429.0,6,2,4,257.0,0,0,0.3804,1,1
747.0,2,1,2,5150.0,0,1,0.0832,1,0
507.0,0,2,10,148.0,1,0,0.2838,0,1
633.0,0,0,0,438.0,0,1,0.0188,0,0
695.0,0,1,2,2389.0,0,1,0.0723,0,0
674.0,0,2,0,1334.0,0,1,0.0424,0,0
425.0,5,1,6,57.0,1,0,0.2087,1,1
578.0,6,0,4,63.0,1,0,0.158,1,1
1602.0,1,0,0,357.0,0,1,0.0481,1,0
1453.0,0,1,1,1305.0,0,0,0.1215,0,0
393.0,1,0,0,2821.0,0,1,0.06,1,0
302.0,1,2,2,342.0,1,0,0.3531,1,1
822.0,10,2,4,202.0,1,0,0.1897,1,1
845.0,3,0,0,2877.0,0,1,0.023,1,0
658.0,6,0,6,124.0,1,1,0.0605,1,1
243.0,5,1,9,181.0,1,1,0.1871,1,1
1144.0,1,1,0,3846.0,0,1,0.1738,1,0
844.0,0,0,1,895.0,0,1,0.0929,0,0
633.0,1,0,0,867.0,0,1,0.01,1,0
407.0,6,2,4,12.0,1,1,0.2981,1,1
580.0,8,1,5,152.0,0,0,0.1613,1,1
225.0,0,0,1,5217.0,0,1,0.0825,0,0
536.0,2,3,1,219.0,1,0,0.1487,1,1
381.0,3,0,1,382.0,0,1,0.0988,1,0
707.0,2,1,1,1860.0,0,1,0.1184,1,0
345.0,5,1,8,5.0,1,0,0.2584,1,1
408.0,2,2,5,225.0,1,0,0.1471,1,1
788.0,3,0,1,1903.0,0,1,0.1242,1,0
769.0,0,1,0,4358.0,0,1,0.0557,0,0
1457.0,1,0,1,4226.0,0,1,0.065,1,0
982.0,0,0,1,788.0,0,1,0.0667,0,0
685.0,1,0,0,267.0,0,0,0.1058,1,0
300.0,1,0,0,1959.0,0,1,0.0689,1,0
177.0,3,2,4,35.0,0,1,0.2923,1,1
1090.0,3,0,0,1366.0,0,1,0.0221,1,0
565.0,3,2,7,102.0,1,0,0.1643,1,1
198.0,2,2,2,227.0,1,1,0.2776,1,1
672.0,1,1,0,1084.0,0,1,0.0676,1,0
735.0,1,1,0,2146.0,0,1,0.01,1,0
206.0,4,3,2,165.0,1,0,0.3062,1,1
722.0,3,0,0,942.0,0,1,0.0263,1,0
448.0,4,3,4,55.0,1,1,0.4339,1,1
572.0,2,1,5,147.0,0,0,0.3949,1,1
370.0,4,2,7,15.0,1,0,0.1679,1,1
683.0,3,2,7,235.0,0,1,0.2254,1,1
926.0,1,1,0,205.0,0,1,0.0541,1,0
724.0,0,2,1,1661.0,0,1,0.1519,0,0
471.0,0,1,0,1511.0,0,1,0.1106,0,0
1266.0,0,3,1,1599.0,0,1,0.1225,0,0
1125.0,1,1,1,1226.0,0,1,0.0662,1,0
658.0,1,1,0,365.0,0,1,0.01,1,0
623.0,3,2,5,79.0,1,0,0.2796,1,1
988.0,1,2,2,175.0,0,1,0.0715,1,0
1024.0,1,1,0,5251.0,0,1,0.0686,1,0
207.0,1,0,0,1456.0,0,1,0.0218,1,0
1152.0,0,0,0,1008.0,0,1,0.1021,0,0
600.0,1,0,0,583.0,0,1,0.0124,1,0
674.0,1,2,0,1991.0,0,1,0.0579,1,0
1723.0,1,0,0,940.0,0,1,0.0726,1,0
905.0,0,0,1,2955.0,0,1,0.1061,0,0
379.0,5,3,9,399.0,1,0,0.1719,1,1
710.0,5,2,4,10.0,0,0,0.3565,1,1
650.0,4,2,4,34.0,1,0,0.2561,1,1
329.0,1,0,1,632.0,0,1,0.0301,1,0
452.0,9,3,1,60.0,0,0,0.244,1,1
358.0,6,3,4,109.0,1,0,0.5107,1,1
1295.0,5,0,1,1236.0,0,1,0.0157,1,0
291.0,3,0,2,234.0,1,0,0.1481,1,1
